ID	繁體	簡體	IPA_S	IPA_T	粵拼	來源	詞例	leimaau附註
C1	巴	巴	pa55	paː55	baa1	2002年楊煥典《現代漢語方言音庫(字庫)》P2-3		
C2	拔	拔	pat2	paːt̚2	baat6	2002年楊煥典《現代漢語方言音庫(字庫)》P2-3		
C3	髮	发	fat3	faːt̚3	faat3	2002年楊煥典《現代漢語方言音庫(字庫)》P2-3		原文作「髪」字
C4	伐	伐	fat2	faːt̚2	faat6	2002年楊煥典《現代漢語方言音庫(字庫)》P2-3		
C5	法	法	fat3	faːt̚3	faat3	2002年楊煥典《現代漢語方言音庫(字庫)》P2-3		
C6	達	达	tat2	taːt̚2	daat6	2002年楊煥典《現代漢語方言音庫(字庫)》P4-5		
C7	答	答	tap3	taːp̚3	daap3	2002年楊煥典《現代漢語方言音庫(字庫)》P4-5		
C8	塔	塔	thap3	tʰaːp̚3	taap3	2002年楊煥典《現代漢語方言音庫(字庫)》P4-5		
C9	拿	拿	na21	naː21	naa4	2002年楊煥典《現代漢語方言音庫(字庫)》P4-5		
C10	納	纳	nap2	naːp̚2	naap6	2002年楊煥典《現代漢語方言音庫(字庫)》P4-5		
C11	臘	腊	lap2	laːp̚2	laap6	2002年楊煥典《現代漢語方言音庫(字庫)》P6-7		
C12	辣	辣	lat2	laːt̚2	laat6	2002年楊煥典《現代漢語方言音庫(字庫)》P6-7		
C13	雜	杂	tsap2	t͡ʃaːp35	zaap2	2002年楊煥典《現代漢語方言音庫(字庫)》P6-7		
C14	撒	撒	ɬat3	ɬaːt̚3	slaat3	2002年楊煥典《現代漢語方言音庫(字庫)》P6-7		
C15	閘	闸	tsap2	t͡ʃaːp̚2	zaap6	2002年楊煥典《現代漢語方言音庫(字庫)》P6-7		
C16	鍘	铡	tsap2	t͡ʃaːp̚2	zaap6	2002年楊煥典《現代漢語方言音庫(字庫)》P8-9		
C17	炸	炸	tsa33	t͡ʃaː33	zaa3	2002年楊煥典《現代漢語方言音庫(字庫)》P8-9		
C18	叉	叉	tsha55	t͡ʃʰaː55	caa1	2002年楊煥典《現代漢語方言音庫(字庫)》P8-9		
C19	插	插	tshap3	t͡ʃʰaːp̚3	caap3	2002年楊煥典《現代漢語方言音庫(字庫)》P8-9		
C20	茶	茶	tsha21	t͡ʃʰaː21	caa4	2002年楊煥典《現代漢語方言音庫(字庫)》P8-9		
C21	察	察	tshat3	t͡ʃʰaːt̚3	caat3	2002年楊煥典《現代漢語方言音庫(字庫)》P10-11		
C22	殺	杀	sat3	ʃaːt̚3	saat3	2002年楊煥典《現代漢語方言音庫(字庫)》P10-11		
C23	沙	沙	sa55	ʃaː24	saa5	2002年楊煥典《現代漢語方言音庫(字庫)》P10-11		
C24	剎	刹	sat3	ʃaːt̚3	saat3	2002年楊煥典《現代漢語方言音庫(字庫)》P10-11		
C25	家	家	ka55	kaː55	gaa1	2002年楊煥典《現代漢語方言音庫(字庫)》P10-11		
C26	甲	甲	kap3	kaːp̚3	gaap3	2002年楊煥典《現代漢語方言音庫(字庫)》P12-13		
C27	恰	恰	hap3	haːp̚3	haap3	2002年楊煥典《現代漢語方言音庫(字庫)》P12-13		原文誤作[hip3]
C28	蝦	虾	ha55	haː55	haa1	2002年楊煥典《現代漢語方言音庫(字庫)》P12-13	魚～	
C29	瞎	瞎	hɐt2	hɐt̚2	hat6	2002年楊煥典《現代漢語方言音庫(字庫)》P12-13		
C30	狹	狭	hap3	haːp̚3	haap3	2002年楊煥典《現代漢語方言音庫(字庫)》P12-13		
C31	下	下	ha24	haː24	haa5	2002年楊煥典《現代漢語方言音庫(字庫)》P14-15	底～	
C32	下	下	ha22	haː22	haa6	2002年楊煥典《現代漢語方言音庫(字庫)》P14-15	～降	
C33	鴉	鸦	a55	aː55	aa1	2002年楊煥典《現代漢語方言音庫(字庫)》P14-15		
C34	鴨	鸭	ap3	aːp̚3	aap3	2002年楊煥典《現代漢語方言音庫(字庫)》P14-15		
C35	牙	牙	ŋa21	ŋaː21	ngaa4	2002年楊煥典《現代漢語方言音庫(字庫)》P14-15		
C36	崖	崖	ŋai21	ŋaːi21	ngaai4	2002年楊煥典《現代漢語方言音庫(字庫)》P16-17		
C37	涯	涯	ŋai21	ŋaːi21	ngaai4	2002年楊煥典《現代漢語方言音庫(字庫)》P16-17		
C38	抓	抓	tsa55	t͡ʃaː55	zaa1	2002年楊煥典《現代漢語方言音庫(字庫)》P16-17		
C39	刷	刷	tshat3	t͡ʃʰaːt̚3	caat3	2002年楊煥典《現代漢語方言音庫(字庫)》P16-17		
C40	瓜	瓜	kwa55	kʷaː55	gwaa1	2002年楊煥典《現代漢語方言音庫(字庫)》P16-17		
C41	刮	刮	kwat3	kʷaːt̚3	gwaat3	2002年楊煥典《現代漢語方言音庫(字庫)》P18-19		
C42	掛	挂	kwa33	kʷaː33	gwaa3	2002年楊煥典《現代漢語方言音庫(字庫)》P18-19		
C43	誇	夸	khwa55	kʷʰaː55	kwaa1	2002年楊煥典《現代漢語方言音庫(字庫)》P18-19		
C44	滑	滑	wɛt2	wɛːt̚2	wet6	2002年楊煥典《現代漢語方言音庫(字庫)》P18-19		
C44	滑	滑	wat2	waːt̚2	waat6	2002年楊煥典《現代漢語方言音庫(字庫)》P18-19		
C45	化	化	fa33	faː33	faa3	2002年楊煥典《現代漢語方言音庫(字庫)》P18-19		
C46	畫	画	wa22	waː22	waa6	2002年楊煥典《現代漢語方言音庫(字庫)》P20-21		原文誤作[wa33]
C47	話	话	wa22	waː22	waa6	2002年楊煥典《現代漢語方言音庫(字庫)》P20-21		
C48	挖	挖	wɛt3	wɛːt̚3	wet3	2002年楊煥典《現代漢語方言音庫(字庫)》P20-21		
C48	挖	挖	wat3	waːt̚3	waat3	2002年楊煥典《現代漢語方言音庫(字庫)》P20-21		
C49	瓦	瓦	ŋa24	ŋaː24	ngaa5	2002年楊煥典《現代漢語方言音庫(字庫)》P20-21		
C50	襪	袜	mat2	maːt̚2	maat6	2002年楊煥典《現代漢語方言音庫(字庫)》P20-21		
C50	襪	袜	mɐt2	mɐt̚2	mat6	2002年楊煥典《現代漢語方言音庫(字庫)》P20-21		
C51	得	得	tɐk5	tɐk̚5	dak1	2002年楊煥典《現代漢語方言音庫(字庫)》P22-23		
C52	勒	勒	lɐk2	lɐk̚2	lak6	2002年楊煥典《現代漢語方言音庫(字庫)》P22-23		
C53	則	则	tsɐk5	t͡ʃɐk̚5	zak1	2002年楊煥典《現代漢語方言音庫(字庫)》P22-23		
C54	責	责	tsak3	t͡ʃaːk̚3	zaak3	2002年楊煥典《現代漢語方言音庫(字庫)》P22-23		
C55	測	测	tshɐk5	t͡ʃʰɐk̚5	cak1	2002年楊煥典《現代漢語方言音庫(字庫)》P22-23		
C56	策	策	tshak3	t͡ʃʰaːk̚3	caak3	2002年楊煥典《現代漢語方言音庫(字庫)》P24-25		
C57	色	色	sek5	ʃek̚5	sik1	2002年楊煥典《現代漢語方言音庫(字庫)》P24-25		
C58	澀	涩	kip3	kiːp̚3	gip3	2002年楊煥典《現代漢語方言音庫(字庫)》P24-25		
C59	蛇	蛇	sɛ21	ʃɛː21	se4	2002年楊煥典《現代漢語方言音庫(字庫)》P24-25		
C60	設	设	tshit3	t͡ʃʰiːt̚3	cit3	2002年楊煥典《現代漢語方言音庫(字庫)》P24-25		
C61	社	社	sɛ24	ʃɛː24	se5	2002年楊煥典《現代漢語方言音庫(字庫)》P26-27		
C62	射	射	sɛ22	ʃɛː22	se6	2002年楊煥典《現代漢語方言音庫(字庫)》P26-27		
C63	涉	涉	sip3	ʃiːp̚3	sip3	2002年楊煥典《現代漢語方言音庫(字庫)》P26-27		
C64	惹	惹	jɛ24	jɛː24	je5	2002年楊煥典《現代漢語方言音庫(字庫)》P26-27		
C65	熱	热	jit2	jiːt̚2	jit6	2002年楊煥典《現代漢語方言音庫(字庫)》P26-27		
C66	鴿	鸽	kɐp3	kɐp̚3	gap3	2002年楊煥典《現代漢語方言音庫(字庫)》P28-29		
C67	割	割	kɔt3	kɔːt̚3	got3	2002年楊煥典《現代漢語方言音庫(字庫)》P28-29		
C68	歌	歌	kɔ55	kɔː55	go1	2002年楊煥典《現代漢語方言音庫(字庫)》P28-29		
C69	革	革	kak3	kaːk̚3	gaak3	2002年楊煥典《現代漢語方言音庫(字庫)》P28-29		
C70	各	各	kɔk3	kɔːk̚3	gok3	2002年楊煥典《現代漢語方言音庫(字庫)》P28-29		
C71	殼	壳	hɔk3	hɔːk̚3	hok3	2002年楊煥典《現代漢語方言音庫(字庫)》P30-31		
C72	刻	刻	khɐk5	kʰɐk̚5	kak1	2002年楊煥典《現代漢語方言音庫(字庫)》P30-31		
C73	客	客	hak3	haːk̚3	haak3	2002年楊煥典《現代漢語方言音庫(字庫)》P30-31		
C74	課	课	kɔ3	kʰɔː33	ko3	2002年楊煥典《現代漢語方言音庫(字庫)》P30-31		
C75	喝	喝	hɔt3	hɔːt̚3	hot3	2002年楊煥典《現代漢語方言音庫(字庫)》P30-31	～酒	
C76	河	河	hɔ21	hɔː21	ho4	2002年楊煥典《現代漢語方言音庫(字庫)》P32-33		
C77	核	核	wɐt2	wɐt̚2	wat6	2002年楊煥典《現代漢語方言音庫(字庫)》P32-33	桃～	原文無註釋
C78	惡	恶	ɔk3	ɔːk̚3	ok3	2002年楊煥典《現代漢語方言音庫(字庫)》P32-33	善～	
C79	剝	剥	pɔk3	pɔːk̚3	bok3	2002年楊煥典《現代漢語方言音庫(字庫)》P32-33		
C80	婆	婆	phɔ21	pʰɔː21	po4	2002年楊煥典《現代漢語方言音庫(字庫)》P32-33		
C81	破	破	pɔ33	pʰɔː33	po3	2002年楊煥典《現代漢語方言音庫(字庫)》P34-35		
C82	末	末	mut2	muːt̚2	mut6	2002年楊煥典《現代漢語方言音庫(字庫)》P34-35		
C83	莫	莫	mɔk2	mɔːk̚2	mok6	2002年楊煥典《現代漢語方言音庫(字庫)》P34-35		
C84	佛	佛	fɐt2	fɐt̚2	fat6	2002年楊煥典《現代漢語方言音庫(字庫)》P34-35		
C85	舵	舵	thɔ24	tʰɔː24	to5	2002年楊煥典《現代漢語方言音庫(字庫)》P34-35		
C85	舵	舵	thɔ21	tʰɔː21	to4	2002年楊煥典《現代漢語方言音庫(字庫)》P34-35		
C86	託	托	thɔk3	tʰɔːk̚3	tok3	2002年楊煥典《現代漢語方言音庫(字庫)》P36-37		
C87	脫	脱	thyt3	tʰyːt̚3	tyut3	2002年楊煥典《現代漢語方言音庫(字庫)》P36-37		
C88	妥	妥	thɔ35	tʰɔː35	to2	2002年楊煥典《現代漢語方言音庫(字庫)》P36-37		
C88	妥	妥	thɔ24	tʰɔː24	to5	2002年楊煥典《現代漢語方言音庫(字庫)》P36-37		
C89	羅	罗	lɔ21	lɔː21	lo4	2002年楊煥典《現代漢語方言音庫(字庫)》P36-37		
C90	騾	骡	lɔ21	lɔː21	lo4	2002年楊煥典《現代漢語方言音庫(字庫)》P36-37		
C91	洛	洛	lɔk3	lɔːk̚3	lok3	2002年楊煥典《現代漢語方言音庫(字庫)》P38-39		
C92	左	左	tsɔ35	t͡ʃɔː35	zo2	2002年楊煥典《現代漢語方言音庫(字庫)》P38-39		
C93	作	作	tsɔk3	t͡ʃɔːk̚3	zok3	2002年楊煥典《現代漢語方言音庫(字庫)》P38-39		
C94	坐	坐	tshɔ24	t͡ʃʰɔː24	co5	2002年楊煥典《現代漢語方言音庫(字庫)》P38-39		
C95	縮	缩	suk5	ʃʊk̚5	suk1	2002年楊煥典《現代漢語方言音庫(字庫)》P38-39		
C96	所	所	ɬɔ35	ɬɔː35	slo2	2002年楊煥典《現代漢語方言音庫(字庫)》P40-41		
C97	捉	捉	tsɔk3	t͡ʃɔːk̚3	zok3	2002年楊煥典《現代漢語方言音庫(字庫)》P40-41		
C98	桌	桌	tsœk3	t͡ʃœːk̚3	zoek3	2002年楊煥典《現代漢語方言音庫(字庫)》P40-41		
C99	酌	酌	tsœk3	t͡ʃœːk̚3	zoek3	2002年楊煥典《現代漢語方言音庫(字庫)》P40-41		
C100	着	着	tsœk3	t͡ʃœːk̚3	zoek3	2002年楊煥典《現代漢語方言音庫(字庫)》P40-41	～衣	
C101	着	着	tsœk2	t͡ʃœːk̚2	zoek6	2002年楊煥典《現代漢語方言音庫(字庫)》P42-43	睡～	
C102	戳	戳	tshɔk3	t͡ʃʰɔːk̚3	cok3	2002年楊煥典《現代漢語方言音庫(字庫)》P42-43		
C103	弱	弱	jœk2	jœːk̚2	joek6	2002年楊煥典《現代漢語方言音庫(字庫)》P42-43		
C104	郭	郭	khɔk3	kʰɔːk̚3	kok3	2002年楊煥典《現代漢語方言音庫(字庫)》P42-43		
C105	國	国	kɔk3	kɔːk̚3	gok3	2002年楊煥典《現代漢語方言音庫(字庫)》P42-43		
C106	闊	阔	fut3	fuːt̚3	fut3	2002年楊煥典《現代漢語方言音庫(字庫)》P44-45		
C107	活	活	wut2	wuːt̚2	wut6	2002年楊煥典《現代漢語方言音庫(字庫)》P44-45		
C108	或	或	wak2	waːk̚2	waak6	2002年楊煥典《現代漢語方言音庫(字庫)》P44-45		
C109	獲	获	wak2	waːk̚2	waak6	2002年楊煥典《現代漢語方言音庫(字庫)》P44-45		
C109	穫	获	wak2	waːk̚2	waak6	2002年楊煥典《現代漢語方言音庫(字庫)》P44-45		
C110	禍	祸	wɔ22	wɔː22	wo6	2002年楊煥典《現代漢語方言音庫(字庫)》P44-45		
C111	霍	霍	khɔk3	kʰɔːk̚3	kok3	2002年楊煥典《現代漢語方言音庫(字庫)》P46-47		
C112	窩	窝	wɔ55	wɔː55	wo1	2002年楊煥典《現代漢語方言音庫(字庫)》P46-47		
C113	臥	卧	ŋɔ22	ŋɔː22	ngo6	2002年楊煥典《現代漢語方言音庫(字庫)》P46-47		
C114	握	握	ɐk5	ɐk̚5	ak1	2002年楊煥典《現代漢語方言音庫(字庫)》P46-47		
C115	撇	撇	phit3	pʰiːt̚3	pit3	2002年楊煥典《現代漢語方言音庫(字庫)》P46-47		
C116	滅	灭	mit2	miːt̚2	mit6	2002年楊煥典《現代漢語方言音庫(字庫)》P48-49		
C117	跌	跌	tit3	tiːt̚3	dit3	2002年楊煥典《現代漢語方言音庫(字庫)》P48-49		
C118	帖	帖	thip3	tʰiːp̚3	tip3	2002年楊煥典《現代漢語方言音庫(字庫)》P48-49		
C119	捏	捏	nit2	niːt̚2	nit6	2002年楊煥典《現代漢語方言音庫(字庫)》P48-49		
C120	聶	聂	nip2	niːp̚2	nip6	2002年楊煥典《現代漢語方言音庫(字庫)》P48-49		
C121	鑷	镊	nip2	niːp̚2	nip6	2002年楊煥典《現代漢語方言音庫(字庫)》P50-51		
C122	孽	孽	nit2	niːt̚2	nit6	2002年楊煥典《現代漢語方言音庫(字庫)》P50-51		
C123	列	列	lit2	liːt̚2	lit6	2002年楊煥典《現代漢語方言音庫(字庫)》P50-51		
C124	劣	劣	lyt3	lyːt̚3	lyut3	2002年楊煥典《現代漢語方言音庫(字庫)》P50-51		
C125	接	接	tsip3	t͡ʃiːp̚3	zip3	2002年楊煥典《現代漢語方言音庫(字庫)》P50-51		
C126	劫	劫	kip3	kiːp̚3	gip3	2002年楊煥典《現代漢語方言音庫(字庫)》P52-53		
C127	揭	揭	khit3	kʰiːt̚3	kit3	2002年楊煥典《現代漢語方言音庫(字庫)》P52-53		
C128	街	街	kai55	kaːi55	gaai1	2002年楊煥典《現代漢語方言音庫(字庫)》P52-53		
C129	節	节	tsit3	t͡ʃiːt̚3	zit3	2002年楊煥典《現代漢語方言音庫(字庫)》P52-53		
C130	傑	杰	kit2	kiːt̚2	git6	2002年楊煥典《現代漢語方言音庫(字庫)》P52-53		
C131	結	结	kit3	kiːt̚3	git3	2002年楊煥典《現代漢語方言音庫(字庫)》P54-55		
C132	潔	洁	kit3	kiːt̚3	git3	2002年楊煥典《現代漢語方言音庫(字庫)》P54-55		
C133	解	解	kai35	kaːi35	gaai2	2002年楊煥典《現代漢語方言音庫(字庫)》P54-55	～開	
C134	介	介	kai33	kaːi33	gaai3	2002年楊煥典《現代漢語方言音庫(字庫)》P54-55		
C135	歇	歇	hit3	hiːt̚3	hit3	2002年楊煥典《現代漢語方言音庫(字庫)》P54-55		
C136	協	协	hip3	hiːp̚3	hip3	2002年楊煥典《現代漢語方言音庫(字庫)》P56-57		
C137	脅	胁	hip3	hiːp̚3	hip3	2002年楊煥典《現代漢語方言音庫(字庫)》P56-57		
C138	斜	斜	tshɛ21	t͡ʃʰɛː21	ce4	2002年楊煥典《現代漢語方言音庫(字庫)》P56-57		
C139	謝	谢	tsɛ22	t͡ʃɛː22	ze6	2002年楊煥典《現代漢語方言音庫(字庫)》P56-57		
C140	噎	噎	jit3	jiːt̚3	jit3	2002年楊煥典《現代漢語方言音庫(字庫)》P56-57		
C141	野	野	jɛ24	jɛː24	je5	2002年楊煥典《現代漢語方言音庫(字庫)》P58-59		
C142	業	业	nip2	niːp̚2	nip6	2002年楊煥典《現代漢語方言音庫(字庫)》P58-59		
C143	葉	叶	jip2	jiːp̚2	jip6	2002年楊煥典《現代漢語方言音庫(字庫)》P58-59		
C144	虐	虐	nœk2	nœːk̚2	noek6	2002年楊煥典《現代漢語方言音庫(字庫)》P58-59		
C145	略	略	lœk2	lœːk̚2	loek6	2002年楊煥典《現代漢語方言音庫(字庫)》P58-59		
C146	決	决	khyt3	kʰyːt̚3	kyut3	2002年楊煥典《現代漢語方言音庫(字庫)》P60-61		
C147	絕	绝	tsyt2	t͡ʃyːt̚2	zyut6	2002年楊煥典《現代漢語方言音庫(字庫)》P60-61		
C148	缺	缺	khyt3	kʰyːt̚3	kyut3	2002年楊煥典《現代漢語方言音庫(字庫)》P60-61		
C149	確	确	khɔk3	kʰɔːk̚3	kok3	2002年楊煥典《現代漢語方言音庫(字庫)》P60-61		
C150	靴	靴	hœ55	hœː55	hoe1	2002年楊煥典《現代漢語方言音庫(字庫)》P60-61		
C151	薛	薛	ɬyt3	ɬyːt̚3	slyut3	2002年楊煥典《現代漢語方言音庫(字庫)》P62-63		
C152	穴	穴	yt2	jyːt̚2	jyut6	2002年楊煥典《現代漢語方言音庫(字庫)》P62-63		
C153	學	学	hɔk2	hɔːk̚2	hok6	2002年楊煥典《現代漢語方言音庫(字庫)》P62-63		
C154	血	血	hyt3	hyːt̚3	hyut3	2002年楊煥典《現代漢語方言音庫(字庫)》P62-63		
C155	約	约	jœk3	jœːk̚3	joek3	2002年楊煥典《現代漢語方言音庫(字庫)》P62-63		
C156	月	月	yt2	jyːt̚2	jyut6	2002年楊煥典《現代漢語方言音庫(字庫)》P64-65		
C157	嶽	岳	ŋɔk2	ŋɔːk̚2	ngok6	2002年楊煥典《現代漢語方言音庫(字庫)》P64-65		
C158	越	越	yt2	jyːt̚2	jyut6	2002年楊煥典《現代漢語方言音庫(字庫)》P64-65		
C159	字	字	tsɿ22	t͡sɿ22	zy6	2002年楊煥典《現代漢語方言音庫(字庫)》P64-65		
C160	自	自	tsɿ22	t͡sɿ22	zy6	2002年楊煥典《現代漢語方言音庫(字庫)》P64-65		
C161	詞	词	tshɿ21	t͡sʰɿ21	cy4	2002年楊煥典《現代漢語方言音庫(字庫)》P66-67		
C162	辭	辞	tshɿ21	t͡sʰɿ21	cy4	2002年楊煥典《現代漢語方言音庫(字庫)》P66-67		
C163	斯	斯	sɿ55	sɿ55	sy1	2002年楊煥典《現代漢語方言音庫(字庫)》P66-67		
C164	知	知	tsi55	t͡ʃiː55	zi1	2002年楊煥典《現代漢語方言音庫(字庫)》P66-67		
C165	侄	侄	tsɐt2	t͡ʃɐt̚2	zat6	2002年楊煥典《現代漢語方言音庫(字庫)》P66-67		
C166	直	直	tsek2	t͡ʃek̚2	zik6	2002年楊煥典《現代漢語方言音庫(字庫)》P68-69		
C167	治	治	tsi22	t͡ʃiː22	zi6	2002年楊煥典《現代漢語方言音庫(字庫)》P68-69		
C168	質	质	tsɐt5	t͡ʃɐt̚5	zat1	2002年楊煥典《現代漢語方言音庫(字庫)》P68-69		
C169	滯	滞	tsɐi22	t͡ʃɐi22	zai6	2002年楊煥典《現代漢語方言音庫(字庫)》P68-69		
C170	遲	迟	tshi21	t͡ʃʰiː21	ci4	2002年楊煥典《現代漢語方言音庫(字庫)》P68-69		
C171	匙	匙	tshi21	t͡ʃʰiː21	ci4	2002年楊煥典《現代漢語方言音庫(字庫)》P70-71	～羹	原文無註釋
C172	尺	尺	tshɛk3	t͡ʃʰɛːk̚3	cek3	2002年楊煥典《現代漢語方言音庫(字庫)》P70-71		
C173	齒	齿	tshi35	t͡ʃʰiː35	ci2	2002年楊煥典《現代漢語方言音庫(字庫)》P70-71		
C174	恥	耻	tshi35	t͡ʃʰiː35	ci2	2002年楊煥典《現代漢語方言音庫(字庫)》P70-71		
C175	師	师	sɿ55	sɿ55	sy1	2002年楊煥典《現代漢語方言音庫(字庫)》P70-71		
C176	施	施	si55	ʃiː55	si1	2002年楊煥典《現代漢語方言音庫(字庫)》P72-73		
C177	獅	狮	sɿ55	sɿ55	sy1	2002年楊煥典《現代漢語方言音庫(字庫)》P72-73		
C178	十	十	sɐp2	ʃɐp̚2	sap6	2002年楊煥典《現代漢語方言音庫(字庫)》P72-73		
C179	石	石	sɛk2	ʃɛːk̚2	sek6	2002年楊煥典《現代漢語方言音庫(字庫)》P72-73		
C180	時	时	si21	ʃiː21	si4	2002年楊煥典《現代漢語方言音庫(字庫)》P72-73		
C181	食	食	sek2	ʃek̚2	sik6	2002年楊煥典《現代漢語方言音庫(字庫)》P74-75		
C182	士	士	sɿ22	sɿ22	sy6	2002年楊煥典《現代漢語方言音庫(字庫)》P74-75		
C183	世	世	sɐi33	ʃɐi33	sai3	2002年楊煥典《現代漢語方言音庫(字庫)》P74-75		
C184	示	示	si22	ʃiː22	si6	2002年楊煥典《現代漢語方言音庫(字庫)》P74-75		
C185	事	事	sɿ22	sɿ22	sy6	2002年楊煥典《現代漢語方言音庫(字庫)》P74-75		
C186	視	视	si22	ʃiː22	si6	2002年楊煥典《現代漢語方言音庫(字庫)》P76-77		
C187	日	日	jɐt2	jɐt̚2	jat6	2002年楊煥典《現代漢語方言音庫(字庫)》P76-77		
C188	貳	贰	ji22	jiː22	ji6	2002年楊煥典《現代漢語方言音庫(字庫)》P76-77	～心	
C189	逼	逼	pek5	pek̚5	bik1	2002年楊煥典《現代漢語方言音庫(字庫)》P76-77		
C190	比	比	pi35	piː35	bi2	2002年楊煥典《現代漢語方言音庫(字庫)》P76-77		
C191	必	必	pit5	piːt̚5	bit1	2002年楊煥典《現代漢語方言音庫(字庫)》P78-79		
C192	閉	闭	pɐi33	pɐi33	bai3	2002年楊煥典《現代漢語方言音庫(字庫)》P78-79		
C193	碧	碧	pek5	pek̚5	bik1	2002年楊煥典《現代漢語方言音庫(字庫)》P78-79		
C194	壁	壁	pek5	pek̚5	bik1	2002年楊煥典《現代漢語方言音庫(字庫)》P78-79		
C195	披	披	phi55	pʰiː55	pi1	2002年楊煥典《現代漢語方言音庫(字庫)》P78-79		
C196	匹	匹	phɐt5	pʰɐt̚5	pat1	2002年楊煥典《現代漢語方言音庫(字庫)》P80-81		
C197	米	米	mɐi24	mɐi24	mai5	2002年楊煥典《現代漢語方言音庫(字庫)》P80-81		原文誤作[mei24]
C198	笛	笛	tek2	tek̚2	dik6	2002年楊煥典《現代漢語方言音庫(字庫)》P80-81		
C199	底	底	tɐi22	tɐi22	dai6	2002年楊煥典《現代漢語方言音庫(字庫)》P80-81		
C200	地	地	ti22	tiː22	di6	2002年楊煥典《現代漢語方言音庫(字庫)》P80-81		
C201	尼	尼	nɐi21	nɐi21	nai4	2002年楊煥典《現代漢語方言音庫(字庫)》P82-83		
C202	泥	泥	nɐi21	nɐi21	nai4	2002年楊煥典《現代漢語方言音庫(字庫)》P82-83		
C203	逆	逆	nik2	nek̚2	nik6	2002年楊煥典《現代漢語方言音庫(字庫)》P82-83		
C203	逆	逆	ŋik2	ŋek̚2	ngik6	2002年楊煥典《現代漢語方言音庫(字庫)》P82-83		
C204	離	离	li21	liː21	li4	2002年楊煥典《現代漢語方言音庫(字庫)》P82-83		
C205	李	李	li24	liː24	li5	2002年楊煥典《現代漢語方言音庫(字庫)》P82-83		
C206	力	力	lek2	lek̚2	lik6	2002年楊煥典《現代漢語方言音庫(字庫)》P84-85		
C207	歷	历	lek2	lek̚2	lik6	2002年楊煥典《現代漢語方言音庫(字庫)》P84-85		
C208	立	立	lɐp2	lɐp̚2	lap6	2002年楊煥典《現代漢語方言音庫(字庫)》P84-85		
C209	例	例	lɐi22	lɐi22	lai6	2002年楊煥典《現代漢語方言音庫(字庫)》P84-85		
C210	栗	栗	lɐt2	lɐt̚2	lat6	2002年楊煥典《現代漢語方言音庫(字庫)》P84-85		
C210	慄	栗	lɐt2	lɐt̚2	lat6	2002年楊煥典《現代漢語方言音庫(字庫)》P84-85		
C211	激	激	kek5	kek̚5	gik1	2002年楊煥典《現代漢語方言音庫(字庫)》P86-87		
C212	及	及	kɐp2	kɐp̚2	gap6	2002年楊煥典《現代漢語方言音庫(字庫)》P86-87		
C213	吉	吉	kɐt5	kɐt̚5	gat1	2002年楊煥典《現代漢語方言音庫(字庫)》P86-87		
C214	極	极	kek2	kek̚2	gik6	2002年楊煥典《現代漢語方言音庫(字庫)》P86-87		
C215	集	集	tsɐp2	t͡ʃɐp̚2	zap6	2002年楊煥典《現代漢語方言音庫(字庫)》P86-87		
C216	計	计	kɐi33	kɐi33	gai3	2002年楊煥典《現代漢語方言音庫(字庫)》P88-89		
C217	忌	忌	ki22	kiː22	gi6	2002年楊煥典《現代漢語方言音庫(字庫)》P88-89		
C218	祭	祭	tsɐi33	t͡ʃɐi33	zai3	2002年楊煥典《現代漢語方言音庫(字庫)》P88-89		
C219	七	七	tshɐt5	t͡ʃʰɐt̚5	cat1	2002年楊煥典《現代漢語方言音庫(字庫)》P88-89		
C220	奇	奇	khi21	kʰiː21	ki4	2002年楊煥典《現代漢語方言音庫(字庫)》P88-89		
C221	氣	气	hi33	hiː33	hi3	2002年楊煥典《現代漢語方言音庫(字庫)》P90-91		
C222	器	器	hi33	hiː33	hi3	2002年楊煥典《現代漢語方言音庫(字庫)》P90-91		
C223	西	西	ɬɐi55	ɬɐi55	slai1	2002年楊煥典《現代漢語方言音庫(字庫)》P90-91		
C224	吸	吸	khɐp5	kʰɐp̚5	kap1	2002年楊煥典《現代漢語方言音庫(字庫)》P90-91		
C225	希	希	hi55	hiː55	hi1	2002年楊煥典《現代漢語方言音庫(字庫)》P90-91		
C226	息	息	ɬek5	ɬek̚5	slik1	2002年楊煥典《現代漢語方言音庫(字庫)》P92-93		
C227	習	习	tsɐp2	t͡ʃɐp̚2	zap6	2002年楊煥典《現代漢語方言音庫(字庫)》P92-93		
C228	席	席	tsek2	t͡ʃek̚2	zik6	2002年楊煥典《現代漢語方言音庫(字庫)》P92-93		
C229	喜	喜	hi35	hiː35	hi2	2002年楊煥典《現代漢語方言音庫(字庫)》P92-93		
C230	戲	戏	hi33	hiː33	hi3	2002年楊煥典《現代漢語方言音庫(字庫)》P92-93		
C231	衣	衣	ji55	jiː55	ji1	2002年楊煥典《現代漢語方言音庫(字庫)》P94-95		
C232	揖	揖	jɐp5	jɐp̚5	jap1	2002年楊煥典《現代漢語方言音庫(字庫)》P94-95		
C233	宜	宜	ni21	niː21	ni4	2002年楊煥典《現代漢語方言音庫(字庫)》P94-95		
C234	移	移	ji21	jiː21	ji4	2002年楊煥典《現代漢語方言音庫(字庫)》P94-95		
C235	疑	疑	ni21	niː21	ni4	2002年楊煥典《現代漢語方言音庫(字庫)》P94-95		
C236	義	义	ji22	jiː22	ji6	2002年楊煥典《現代漢語方言音庫(字庫)》P96-97		
C237	藝	艺	ŋɐi22	ŋɐi22	ngai6	2002年楊煥典《現代漢語方言音庫(字庫)》P96-97		
C238	役	役	jek2	jek̚2	jik6	2002年楊煥典《現代漢語方言音庫(字庫)》P96-97		
C239	疫	疫	jek2	jek̚2	jik6	2002年楊煥典《現代漢語方言音庫(字庫)》P96-97		
C240	步	步	pu22	puː22	bu6	2002年楊煥典《現代漢語方言音庫(字庫)》P96-97		
C241	撲	扑	phuk5	pʰʊk̚5	puk1	2002年楊煥典《現代漢語方言音庫(字庫)》P98-99		
C242	母	母	mu24	muː24	mu5	2002年楊煥典《現代漢語方言音庫(字庫)》P98-99		
C243	畝	亩	mɐu24	mɐu24	mau5	2002年楊煥典《現代漢語方言音庫(字庫)》P98-99		
C244	木	木	muk2	mʊk̚2	muk6	2002年楊煥典《現代漢語方言音庫(字庫)》P98-99		
C245	目	目	muk2	mʊk̚2	muk6	2002年楊煥典《現代漢語方言音庫(字庫)》P98-99		
C246	服	服	fuk2	fʊk̚2	fuk6	2002年楊煥典《現代漢語方言音庫(字庫)》P100-101		
C247	婦	妇	fu24	fuː24	fu5	2002年楊煥典《現代漢語方言音庫(字庫)》P100-101		
C247	婦	妇	phu24	pʰuː24	pu5	2002年楊煥典《現代漢語方言音庫(字庫)》P100-101		
C248	負	负	fu22	fuː22	fu6	2002年楊煥典《現代漢語方言音庫(字庫)》P100-101		
C249	附	附	fu22	fuː22	fu6	2002年楊煥典《現代漢語方言音庫(字庫)》P100-101		
C250	縛	缚	pɔk3	pɔːk̚3	bok3	2002年楊煥典《現代漢語方言音庫(字庫)》P100-101		
C251	杜	杜	tu22	tuː22	du6	2002年楊煥典《現代漢語方言音庫(字庫)》P102-103		
C252	禿	秃	thuk5	tʰʊk̚5	tuk1	2002年楊煥典《現代漢語方言音庫(字庫)》P102-103		
C253	土	土	thu35	tʰuː35	tu2	2002年楊煥典《現代漢語方言音庫(字庫)》P102-103		
C254	奴	奴	nu21	nuː21	nu4	2002年楊煥典《現代漢語方言音庫(字庫)》P102-103		
C255	陸	陆	luk2	lʊk̚2	luk6	2002年楊煥典《現代漢語方言音庫(字庫)》P102-103		
C256	鹿	鹿	luk2	lʊk̚2	luk6	2002年楊煥典《現代漢語方言音庫(字庫)》P104-105		
C257	足	足	tsuk5	t͡ʃʊk̚5	zuk1	2002年楊煥典《現代漢語方言音庫(字庫)》P104-105		
C258	卒	卒	tsɐt5	t͡ʃɐt̚5	zat1	2002年楊煥典《現代漢語方言音庫(字庫)》P104-105		
C258	卒	卒	tsyt5	t͡ʃyːt̚5	zyut1	2002年楊煥典《現代漢語方言音庫(字庫)》P104-105		
C259	俗	俗	suk2	ʃʊk̚2	suk6	2002年楊煥典《現代漢語方言音庫(字庫)》P104-105		
C260	肅	肃	ɬuk5	ɬʊk̚5	sluk1	2002年楊煥典《現代漢語方言音庫(字庫)》P104-105		
C261	素	素	ɬu33	ɬuː33	slu3	2002年楊煥典《現代漢語方言音庫(字庫)》P106-107		
C262	速	速	tshuk5	t͡ʃʰʊk̚5	cuk1	2002年楊煥典《現代漢語方言音庫(字庫)》P106-107		
C263	諸	诸	tsy55	t͡ʃyː55	zyu1	2002年楊煥典《現代漢語方言音庫(字庫)》P106-107		
C264	豬	猪	tsy55	t͡ʃyː55	zyu1	2002年楊煥典《現代漢語方言音庫(字庫)》P106-107		
C265	竹	竹	tsuk5	t͡ʃʊk̚5	zuk1	2002年楊煥典《現代漢語方言音庫(字庫)》P106-107		
C266	燭	烛	tsuk5	t͡ʃʊk̚5	zuk1	2002年楊煥典《現代漢語方言音庫(字庫)》P108-109		
C267	助	助	tsɔ22	t͡ʃɔː22	zo6	2002年楊煥典《現代漢語方言音庫(字庫)》P108-109		
C268	柱	柱	tshy24	t͡ʃʰyː24	cyu5	2002年楊煥典《現代漢語方言音庫(字庫)》P108-109		
C269	住	住	tsy22	t͡ʃyː22	zyu6	2002年楊煥典《現代漢語方言音庫(字庫)》P108-109		
C270	出	出	tshyt5	t͡ʃʰyːt̚5	cyut1	2002年楊煥典《現代漢語方言音庫(字庫)》P108-109		
C271	鋤	锄	tshɔ21	t͡ʃʰɔː21	co4	2002年楊煥典《現代漢語方言音庫(字庫)》P110-111		
C272	楚	楚	tshɔ35	t͡ʃʰɔː35	co2	2002年楊煥典《現代漢語方言音庫(字庫)》P110-111		
C273	熟	熟	suk2	ʃʊk̚2	suk6	2002年楊煥典《現代漢語方言音庫(字庫)》P110-111		
C274	術	术	ɬɐt2	ɬɐt̚2	slat6	2002年楊煥典《現代漢語方言音庫(字庫)》P110-111		
C275	樹	树	sy22	ʃyː22	syu6	2002年楊煥典《現代漢語方言音庫(字庫)》P110-111		
C276	數	数	su35	ʃuː35	su2	2002年楊煥典《現代漢語方言音庫(字庫)》P112-113	動詞	
C277	數	数	su33	ʃuː33	su3	2002年楊煥典《現代漢語方言音庫(字庫)》P112-113	名詞	
C278	如	如	y21	jyː21	jyu4	2002年楊煥典《現代漢語方言音庫(字庫)》P112-113		
C279	儒	儒	y21	jyː21	jyu4	2002年楊煥典《現代漢語方言音庫(字庫)》P112-113		
C280	辱	辱	juk2	jʊk̚2	juk6	2002年楊煥典《現代漢語方言音庫(字庫)》P112-113		
C281	入	入	jɐp2	jɐp̚2	jap6	2002年楊煥典《現代漢語方言音庫(字庫)》P114-115		
C282	孤	孤	ku55	kuː55	gu1	2002年楊煥典《現代漢語方言音庫(字庫)》P114-115		
C283	骨	骨	kwɐt5	kʷɐt̚5	gwat1	2002年楊煥典《現代漢語方言音庫(字庫)》P114-115		原文誤作[kɛɐt5]
C284	哭	哭	huk5	hʊk̚5	huk1	2002年楊煥典《現代漢語方言音庫(字庫)》P114-115		
C285	酷	酷	khuk5	kʰʊk̚5	kuk1	2002年楊煥典《現代漢語方言音庫(字庫)》P114-115		
C286	忽	忽	fɐt5	fɐt̚5	fat1	2002年楊煥典《現代漢語方言音庫(字庫)》P116-117		
C287	戶	户	wu22	wuː22	wu6	2002年楊煥典《現代漢語方言音庫(字庫)》P116-117		
C288	烏	乌	wu55	wuː55	wu1	2002年楊煥典《現代漢語方言音庫(字庫)》P116-117		
C289	屋	屋	uk5	ʊk̚5	uk1	2002年楊煥典《現代漢語方言音庫(字庫)》P116-117		
C290	武	武	mu24	muː24	mu5	2002年楊煥典《現代漢語方言音庫(字庫)》P116-117		
C291	物	物	mɐt2	mɐt̚2	mat6	2002年楊煥典《現代漢語方言音庫(字庫)》P118-119		
C292	女	女	ny24	nyː24	nyu5	2002年楊煥典《現代漢語方言音庫(字庫)》P118-119		
C293	驢	驴	ly21	lyː21	lyu4	2002年楊煥典《現代漢語方言音庫(字庫)》P118-119		
C294	呂	吕	ly24	lyː24	lyu5	2002年楊煥典《現代漢語方言音庫(字庫)》P118-119		
C295	律	律	lyt2	lyːt̚2	lyut6	2002年楊煥典《現代漢語方言音庫(字庫)》P118-119		
C296	綠	绿	luk2	lʊk̚2	luk6	2002年楊煥典《現代漢語方言音庫(字庫)》P120-121		
C297	鞠	鞠	kuk5	kʊk̚5	guk1	2002年楊煥典《現代漢語方言音庫(字庫)》P120-121		
C298	局	局	kuk2	kʊk̚2	guk6	2002年楊煥典《現代漢語方言音庫(字庫)》P120-121		
C299	菊	菊	kuk5	kʊk̚5	guk1	2002年楊煥典《現代漢語方言音庫(字庫)》P120-121		
C300	橘	橘	kɐt5	kɐt̚5	gat1	2002年楊煥典《現代漢語方言音庫(字庫)》P120-121		
C301	句	句	ky33	kyː33	gyu3	2002年楊煥典《現代漢語方言音庫(字庫)》P122-123		
C302	巨	巨	ky22	kyː22	gyu6	2002年楊煥典《現代漢語方言音庫(字庫)》P122-123		
C303	聚	聚	tsy22	t͡ʃyː22	zyu6	2002年楊煥典《現代漢語方言音庫(字庫)》P122-123		
C304	曲	曲	khuk5	kʰʊk̚5	kuk1	2002年楊煥典《現代漢語方言音庫(字庫)》P122-123		
C305	戌	戌	ɬɐt5	ɬɐt̚5	slat1	2002年楊煥典《現代漢語方言音庫(字庫)》P122-123		
C306	徐	徐	tshy21	t͡ʃʰyː21	cyu4	2002年楊煥典《現代漢語方言音庫(字庫)》P124-125		
C307	許	许	hy35	hyː35	hyu2	2002年楊煥典《現代漢語方言音庫(字庫)》P124-125		
C308	序	序	tsy22	t͡ʃyː22	zyu6	2002年楊煥典《現代漢語方言音庫(字庫)》P124-125		
C309	餘	馀	y21	jyː21	jyu4	2002年楊煥典《現代漢語方言音庫(字庫)》P124-125		
C310	愚	愚	y21	jyː21	jyu4	2002年楊煥典《現代漢語方言音庫(字庫)》P124-125		
C311	育	育	juk5	jʊk̚5	juk1	2002年楊煥典《現代漢語方言音庫(字庫)》P126-127		
C312	獄	狱	juk2	jʊk̚2	juk6	2002年楊煥典《現代漢語方言音庫(字庫)》P126-127		
C313	白	白	pak2	paːk̚2	baak6	2002年楊煥典《現代漢語方言音庫(字庫)》P126-127		
C314	敗	败	pai22	paːi22	baai6	2002年楊煥典《現代漢語方言音庫(字庫)》P126-127		
C315	拜	拜	pai3	paːi33	baai3	2002年楊煥典《現代漢語方言音庫(字庫)》P126-127		
C316	派	派	phai33	pʰaːi33	paai3	2002年楊煥典《現代漢語方言音庫(字庫)》P128-129		
C317	買	买	mai24	maːi24	maai5	2002年楊煥典《現代漢語方言音庫(字庫)》P128-129		
C318	麥	麦	mɐk2	mɐk̚2	mak6	2002年楊煥典《現代漢語方言音庫(字庫)》P128-129		
C319	代	代	tɔi22	tɔːi22	doi6	2002年楊煥典《現代漢語方言音庫(字庫)》P128-129		
C320	泰	泰	thai33	tʰaːi33	taai3	2002年楊煥典《現代漢語方言音庫(字庫)》P128-129		
C321	奶	奶	nai24	naːi24	naai5	2002年楊煥典《現代漢語方言音庫(字庫)》P130-131		
C321	奶	奶	nai55	naːi55	naai1	2002年楊煥典《現代漢語方言音庫(字庫)》P130-131		
C322	賴	赖	lai22	laːi22	laai6	2002年楊煥典《現代漢語方言音庫(字庫)》P130-131		
C323	災	灾	tsɔi55	t͡ʃɔːi55	zoi1	2002年楊煥典《現代漢語方言音庫(字庫)》P130-131		
C324	再	再	tsɔi33	t͡ʃɔːi33	zoi3	2002年楊煥典《現代漢語方言音庫(字庫)》P130-131		
C325	在	在	tsɔi22	t͡ʃɔːi22	zoi6	2002年楊煥典《現代漢語方言音庫(字庫)》P130-131		
C326	采	采	tshɔi35	t͡ʃʰɔːi35	coi2	2002年楊煥典《現代漢語方言音庫(字庫)》P132-133		
C326	採	采	tshɔi35	t͡ʃʰɔːi35	coi2	2002年楊煥典《現代漢語方言音庫(字庫)》P132-133		
C327	蔡	蔡	tshɔi33	t͡ʃʰɔːi33	coi3	2002年楊煥典《現代漢語方言音庫(字庫)》P132-133		
C328	腮	腮	ɬɔi55	ɬɔːi55	sloi1	2002年楊煥典《現代漢語方言音庫(字庫)》P132-133		
C329	賽	赛	sɔi33	ʃɔːi33	soi3	2002年楊煥典《現代漢語方言音庫(字庫)》P132-133		
C330	齋	斋	tsai55	t͡ʃaːi55	zaai1	2002年楊煥典《現代漢語方言音庫(字庫)》P132-133		
C331	摘	摘	tsak2	t͡ʃaːk̚2	zaak6	2002年楊煥典《現代漢語方言音庫(字庫)》P134-135		
C332	窄	窄	tsak3	t͡ʃaːk̚3	zaak3	2002年楊煥典《現代漢語方言音庫(字庫)》P134-135		
C333	債	债	tsai33	t͡ʃaːi33	zaai3	2002年楊煥典《現代漢語方言音庫(字庫)》P134-135		
C334	寨	寨	tsai22	t͡ʃaːi22	zaai6	2002年楊煥典《現代漢語方言音庫(字庫)》P134-135		
C335	拆	拆	tshak3	t͡ʃʰaːk̚3	caak3	2002年楊煥典《現代漢語方言音庫(字庫)》P134-135		
C336	柴	柴	tshai21	t͡ʃʰaːi21	caai4	2002年楊煥典《現代漢語方言音庫(字庫)》P136-137		
C337	篩	筛	sɐi55	ʃɐi55	sai1	2002年楊煥典《現代漢語方言音庫(字庫)》P136-137		
C338	曬	晒	sai33	ʃaːi33	saai3	2002年楊煥典《現代漢語方言音庫(字庫)》P136-137		
C339	該	该	kɔi55	kɔːi55	goi1	2002年楊煥典《現代漢語方言音庫(字庫)》P136-137		
C340	楷	楷	khai35	kʰaːi35	kaai2	2002年楊煥典《現代漢語方言音庫(字庫)》P136-137		
C341	海	海	hɔi35	hɔːi35	hoi2	2002年楊煥典《現代漢語方言音庫(字庫)》P138-139		
C342	亥	亥	hɔi22	hɔːi22	hoi6	2002年楊煥典《現代漢語方言音庫(字庫)》P138-139		
C343	害	害	hɔi22	hɔːi22	hoi6	2002年楊煥典《現代漢語方言音庫(字庫)》P138-139		
C344	哀	哀	ɔi55	ɔːi55	oi1	2002年楊煥典《現代漢語方言音庫(字庫)》P138-139		
C345	矮	矮	ɐi35	ɐi35	ai2	2002年楊煥典《現代漢語方言音庫(字庫)》P138-139		
C346	艾	艾	ŋai22	ŋaːi22	ngaai6	2002年楊煥典《現代漢語方言音庫(字庫)》P140-141		
C347	揣	揣	tshui35	t͡ʃʰuːi35	cui2	2002年楊煥典《現代漢語方言音庫(字庫)》P140-141		
C348	衰	衰	sui55	ʃuːi55	sui1	2002年楊煥典《現代漢語方言音庫(字庫)》P140-141		
C349	帥	帅	sui33	ʃuːi33	sui3	2002年楊煥典《現代漢語方言音庫(字庫)》P140-141		
C350	怪	怪	kwai33	kʷaːi33	gwaai3	2002年楊煥典《現代漢語方言音庫(字庫)》P140-141		
C351	快	快	fai33	faːi33	faai3	2002年楊煥典《現代漢語方言音庫(字庫)》P142-143		
C351	快	快	wai33	waːi33	waai3	2002年楊煥典《現代漢語方言音庫(字庫)》P142-143		
C352	懷	怀	wai21	waːi21	waai4	2002年楊煥典《現代漢語方言音庫(字庫)》P142-143		
C353	外	外	ŋɔi22	ŋɔːi22	ngoi6	2002年楊煥典《現代漢語方言音庫(字庫)》P142-143		
C354	卑	卑	pi55	piː55	bi1	2002年楊煥典《現代漢語方言音庫(字庫)》P142-143		
C355	碑	碑	pɐi55	pɐi55	bai1	2002年楊煥典《現代漢語方言音庫(字庫)》P142-143		
C356	北	北	pɐk5	pɐk̚5	bak1	2002年楊煥典《現代漢語方言音庫(字庫)》P144-145		
C357	倍	倍	phui24	pʰuːi24	pui5	2002年楊煥典《現代漢語方言音庫(字庫)》P144-145		
C358	沒	没	mut2	muːt̚2	mut6	2002年楊煥典《現代漢語方言音庫(字庫)》P144-145		
C359	梅	梅	mui21	muːi21	mui4	2002年楊煥典《現代漢語方言音庫(字庫)》P144-145		
C360	肥	肥	fi21	fiː21	fi4	2002年楊煥典《現代漢語方言音庫(字庫)》P144-145		
C361	肺	肺	fɐi33	fɐi33	fai3	2002年楊煥典《現代漢語方言音庫(字庫)》P146-147		
C362	費	费	fɐi33	fɐi33	fai3	2002年楊煥典《現代漢語方言音庫(字庫)》P146-147		
C363	內	内	nui22	nuːi22	nui6	2002年楊煥典《現代漢語方言音庫(字庫)》P146-147		
C364	類	类	lui22	luːi22	lui6	2002年楊煥典《現代漢語方言音庫(字庫)》P146-147		
C365	累	累	lui24	luːi24	lui5	2002年楊煥典《現代漢語方言音庫(字庫)》P146-147	～積	
C366	累	累	lui22	luːi22	lui6	2002年楊煥典《現代漢語方言音庫(字庫)》P148-149	連～	
C367	賊	贼	tshɐk2	t͡ʃʰɐk̚2	cak6	2002年楊煥典《現代漢語方言音庫(字庫)》P148-149		
C368	黑	黑	hɐk5	hɐk̚5	hak1	2002年楊煥典《現代漢語方言音庫(字庫)》P148-149		
C369	堆	堆	tui55	tuːi55	dui1	2002年楊煥典《現代漢語方言音庫(字庫)》P148-149		
C370	兌	兑	tui22	tuːi22	dui6	2002年楊煥典《現代漢語方言音庫(字庫)》P148-149		
C371	推	推	thui55	tʰuːi55	tui1	2002年楊煥典《現代漢語方言音庫(字庫)》P150-151		
C372	退	退	thui33	tʰuːi33	tui3	2002年楊煥典《現代漢語方言音庫(字庫)》P150-151		
C373	嘴	嘴	tsui35	t͡ʃuːi35	zui2	2002年楊煥典《現代漢語方言音庫(字庫)》P150-151		
C374	最	最	tsui33	t͡ʃuːi33	zui3	2002年楊煥典《現代漢語方言音庫(字庫)》P150-151		
C375	罪	罪	tsui22	t͡ʃuːi22	zui6	2002年楊煥典《現代漢語方言音庫(字庫)》P150-151		
C376	脆	脆	tshui33	t͡ʃʰuːi33	cui3	2002年楊煥典《現代漢語方言音庫(字庫)》P152-153		
C377	翠	翠	tshui33	t͡ʃʰuːi33	cui3	2002年楊煥典《現代漢語方言音庫(字庫)》P152-153		
C378	雖	虽	ɬui55	ɬuːi55	slui1	2002年楊煥典《現代漢語方言音庫(字庫)》P152-153		
C379	歲	岁	ɬui33	ɬuːi33	slui3	2002年楊煥典《現代漢語方言音庫(字庫)》P152-153		
C380	追	追	tsui55	t͡ʃuːi55	zui1	2002年楊煥典《現代漢語方言音庫(字庫)》P152-153		
C381	錐	锥	jui55	juːi55	jui1	2002年楊煥典《現代漢語方言音庫(字庫)》P154-155		
C382	垂	垂	sui21	ʃuːi21	sui4	2002年楊煥典《現代漢語方言音庫(字庫)》P154-155		
C383	誰	谁	sui21	ʃuːi21	sui4	2002年楊煥典《現代漢語方言音庫(字庫)》P154-155		
C384	水	水	sui35	ʃuːi35	sui2	2002年楊煥典《現代漢語方言音庫(字庫)》P154-155		
C385	歸	归	kwɐi55	kʷɐi55	gwai1	2002年楊煥典《現代漢語方言音庫(字庫)》P154-155		
C386	櫃	柜	kwɐi22	kʷɐi22	gwai6	2002年楊煥典《現代漢語方言音庫(字庫)》P156-157		
C387	桂	桂	kwɐi33	kʷɐi33	gwai3	2002年楊煥典《現代漢語方言音庫(字庫)》P156-157		
C388	虧	亏	khwɐi55	kʷʰɐi55	kwai1	2002年楊煥典《現代漢語方言音庫(字庫)》P156-157		
C389	灰	灰	fui55	fuːi55	fui1	2002年楊煥典《現代漢語方言音庫(字庫)》P156-157		
C390	徽	徽	fui55	fuːi55	fui1	2002年楊煥典《現代漢語方言音庫(字庫)》P156-157		
C391	會	会	wui22	wuːi22	wui6	2002年楊煥典《現代漢語方言音庫(字庫)》P158-159	開～	
C392	惠	惠	wɐi22	wɐi22	wai6	2002年楊煥典《現代漢語方言音庫(字庫)》P158-159		
C393	毀	毁	wɐi35	wɐi35	wai2	2002年楊煥典《現代漢語方言音庫(字庫)》P158-159		
C394	危	危	ŋɐi21	ŋɐi21	ngai4	2002年楊煥典《現代漢語方言音庫(字庫)》P158-159		
C395	威	威	wɐi55	wɐi55	wai1	2002年楊煥典《現代漢語方言音庫(字庫)》P158-159		
C396	衛	卫	wɐi22	wɐi22	wai6	2002年楊煥典《現代漢語方言音庫(字庫)》P160-161		
C397	位	位	wɐi22	wɐi22	wai6	2002年楊煥典《現代漢語方言音庫(字庫)》P160-161		
C398	味	味	mi22	miː22	mi6	2002年楊煥典《現代漢語方言音庫(字庫)》P160-161		
C399	炮	炮	phau33	pʰaːu33	paau3	2002年楊煥典《現代漢語方言音庫(字庫)》P160-161		
C400	袍	袍	phu21	pʰuː21	pu4	2002年楊煥典《現代漢語方言音庫(字庫)》P160-161		
C401	茂	茂	mɐu22	mɐu22	mau6	2002年楊煥典《現代漢語方言音庫(字庫)》P162-163		
C402	帽	帽	mu22	muː22	mu6	2002年楊煥典《現代漢語方言音庫(字庫)》P162-163		
C403	貌	貌	mau22	maːu22	maau6	2002年楊煥典《現代漢語方言音庫(字庫)》P162-163		
C404	刀	刀	tu55	tuː55	du1	2002年楊煥典《現代漢語方言音庫(字庫)》P162-163		
C405	鬧	闹	nau22	naːu22	naau6	2002年楊煥典《現代漢語方言音庫(字庫)》P162-163		
C406	牢	牢	lu21	luː21	lu4	2002年楊煥典《現代漢語方言音庫(字庫)》P164-165		
C407	草	草	tshu35	t͡ʃʰuː35	cu2	2002年楊煥典《現代漢語方言音庫(字庫)》P164-165		
C408	趙	赵	tsiu22	t͡ʃiːu22	ziu6	2002年楊煥典《現代漢語方言音庫(字庫)》P164-165		
C409	罩	罩	tsau3	t͡ʃaːu33	zaau3	2002年楊煥典《現代漢語方言音庫(字庫)》P164-165		
C410	炒	炒	tshɛu35	t͡ʃʰɛːu35	ceu2	2002年楊煥典《現代漢語方言音庫(字庫)》P164-165		
C411	紹	绍	siu22	ʃiːu22	siu6	2002年楊煥典《現代漢語方言音庫(字庫)》P166-167		
C412	繞	绕	jiu35	jiːu35	jiu2	2002年楊煥典《現代漢語方言音庫(字庫)》P166-167	圍～	
C413	繞	绕	jiu22	jiːu22	jiu6	2002年楊煥典《現代漢語方言音庫(字庫)》P166-167	～線	
C414	告	告	ku33	kuː33	gu3	2002年楊煥典《現代漢語方言音庫(字庫)》P166-167		
C415	毫	毫	hu21	huː21	hu4	2002年楊煥典《現代漢語方言音庫(字庫)》P166-167		
C416	奧	奥	u33	u33	u3	2002年楊煥典《現代漢語方言音庫(字庫)》P168-169		
C417	彪	彪	piu55	piːu55	biu1	2002年楊煥典《現代漢語方言音庫(字庫)》P168-169		
C418	飄	飘	phiu55	pʰiːu55	piu1	2002年楊煥典《現代漢語方言音庫(字庫)》P168-169		
C419	條	条	thiu21	tʰiːu21	tiu4	2002年楊煥典《現代漢語方言音庫(字庫)》P168-169		
C420	鳥	鸟	tiu35	tiːu35	diu2	2002年楊煥典《現代漢語方言音庫(字庫)》P168-169		
C420	鳥	鸟	niu24	niːu24	niu5	2002年楊煥典《現代漢語方言音庫(字庫)》P168-169		
C421	叫	叫	kiu33	kiːu33	giu3	2002年楊煥典《現代漢語方言音庫(字庫)》P170-171		
C422	轎	轿	kiu22	kiːu22	giu6	2002年楊煥典《現代漢語方言音庫(字庫)》P170-171		
C423	敲	敲	hau55	haːu55	haau1	2002年楊煥典《現代漢語方言音庫(字庫)》P170-171		
C424	削	削	ɬœk3	ɬœːk̚3	sloek3	2002年楊煥典《現代漢語方言音庫(字庫)》P170-171		
C425	消	消	ɬiu55	ɬiːu55	sliu1	2002年楊煥典《現代漢語方言音庫(字庫)》P170-171		
C426	曉	晓	hiu35	hiːu35	hiu2	2002年楊煥典《現代漢語方言音庫(字庫)》P172-173		
C427	孝	孝	hau33	haːu33	haau3	2002年楊煥典《現代漢語方言音庫(字庫)》P172-173		
C428	妖	妖	jiu55	jiːu55	jiu1	2002年楊煥典《現代漢語方言音庫(字庫)》P172-173		
C429	搖	摇	jiu21	jiːu21	jiu4	2002年楊煥典《現代漢語方言音庫(字庫)》P172-173		
C430	咬	咬	ŋɛu24	ŋɛːu24	ngeu5	2002年楊煥典《現代漢語方言音庫(字庫)》P172-173		
C431	某	某	mɐu24	mɐu24	mau5	2002年楊煥典《現代漢語方言音庫(字庫)》P174-175		
C432	豆	豆	tɐu22	tɐu22	dau6	2002年楊煥典《現代漢語方言音庫(字庫)》P174-175		
C433	頭	头	thɐu21	tʰɐu21	tau4	2002年楊煥典《現代漢語方言音庫(字庫)》P174-175		
C434	漏	漏	lɐu22	lɐu22	lau6	2002年楊煥典《現代漢語方言音庫(字庫)》P174-175		
C435	走	走	tsɐu35	t͡ʃɐu35	zau2	2002年楊煥典《現代漢語方言音庫(字庫)》P174-175		
C436	周	周	tsɐu55	t͡ʃɐu55	zau1	2002年楊煥典《現代漢語方言音庫(字庫)》P176-177		
C437	仇	仇	tshɐu21	t͡ʃʰɐu21	cau4	2002年楊煥典《現代漢語方言音庫(字庫)》P176-177		
C438	綢	绸	tshɐu21	t͡ʃʰɐu21	cau4	2002年楊煥典《現代漢語方言音庫(字庫)》P176-177		
C439	愁	愁	tshɐu21	t͡ʃʰɐu21	cau4	2002年楊煥典《現代漢語方言音庫(字庫)》P176-177		
C440	壽	寿	sɐu22	ʃɐu22	sau6	2002年楊煥典《現代漢語方言音庫(字庫)》P176-177		
C441	瘦	瘦	sɐu33	ʃɐu33	sau3	2002年楊煥典《現代漢語方言音庫(字庫)》P178-179		
C442	柔	柔	jɐu21	jɐu21	jau4	2002年楊煥典《現代漢語方言音庫(字庫)》P178-179		
C443	肉	肉	juk2	jʊk̚2	juk6	2002年楊煥典《現代漢語方言音庫(字庫)》P178-179		
C444	溝	沟	kɐu55	kɐu55	gau1	2002年楊煥典《現代漢語方言音庫(字庫)》P178-179		
C445	口	口	hɐu35	hɐu35	hau2	2002年楊煥典《現代漢語方言音庫(字庫)》P178-179		
C446	侯	侯	hɐu21	hɐu21	hau4	2002年楊煥典《現代漢語方言音庫(字庫)》P180-181		
C447	猴	猴	hɐu21	hɐu21	hau4	2002年楊煥典《現代漢語方言音庫(字庫)》P180-181		
C448	厚	厚	hɐu24	hɐu24	hau5	2002年楊煥典《現代漢語方言音庫(字庫)》P180-181		
C449	藕	藕	ŋɐu24	ŋɐu24	ngau5	2002年楊煥典《現代漢語方言音庫(字庫)》P180-181		
C450	丟	丢	tiu55	tiːu55	diu1	2002年楊煥典《現代漢語方言音庫(字庫)》P180-181		
C451	牛	牛	ŋɐu21	ŋɐu21	ngau4	2002年楊煥典《現代漢語方言音庫(字庫)》P182-183		
C452	紐	纽	nɐu35	nɐu35	nau2	2002年楊煥典《現代漢語方言音庫(字庫)》P182-183		
C453	糾	纠	tɐu35	tɐu35	dau2	2002年楊煥典《現代漢語方言音庫(字庫)》P182-183		
C454	舅	舅	khɐu24	kʰɐu24	kau5	2002年楊煥典《現代漢語方言音庫(字庫)》P182-183		
C455	秋	秋	tshɐu55	t͡ʃʰɐu55	cau1	2002年楊煥典《現代漢語方言音庫(字庫)》P182-183		
C456	囚	囚	tshɐu21	t͡ʃʰɐu21	cau4	2002年楊煥典《現代漢語方言音庫(字庫)》P184-185		
C457	休	休	jɐu55	jɐu55	jau1	2002年楊煥典《現代漢語方言音庫(字庫)》P184-185		
C458	袖	袖	tsɐu22	t͡ʃɐu22	zau6	2002年楊煥典《現代漢語方言音庫(字庫)》P184-185		
C459	憂	忧	jɐu55	jɐu55	jau1	2002年楊煥典《現代漢語方言音庫(字庫)》P184-185		
C460	幽	幽	jɐu55	jɐu55	jau1	2002年楊煥典《現代漢語方言音庫(字庫)》P184-185		
C461	由	由	jɐu21	jɐu21	jau4	2002年楊煥典《現代漢語方言音庫(字庫)》P186-187		
C462	板	板	pan35	paːn35	baan2	2002年楊煥典《現代漢語方言音庫(字庫)》P186-187		
C463	辦	办	pan22	paːn22	baan6	2002年楊煥典《現代漢語方言音庫(字庫)》P186-187		
C464	判	判	phun33	pʰuːn33	pun3	2002年楊煥典《現代漢語方言音庫(字庫)》P186-187		
C465	盼	盼	phan33	pʰaːn33	paan3	2002年楊煥典《現代漢語方言音庫(字庫)》P186-187		
C466	慢	慢	man22	maːn22	maan6	2002年楊煥典《現代漢語方言音庫(字庫)》P188-189		
C467	翻	翻	fɛn55	fɛːn55	fen1	2002年楊煥典《現代漢語方言音庫(字庫)》P188-189		
C467	翻	翻	fan55	faːn55	faan1	2002年楊煥典《現代漢語方言音庫(字庫)》P188-189		
C468	凡	凡	fan21	faːn21	faan4	2002年楊煥典《現代漢語方言音庫(字庫)》P188-189		
C469	範	范	fan33	faːn33	faan3	2002年楊煥典《現代漢語方言音庫(字庫)》P188-189	姓～	
C470	範	範	fan22	faːn22	faan6	2002年楊煥典《現代漢語方言音庫(字庫)》P188-189		
C471	單	单	tan55	taːn55	daan1	2002年楊煥典《現代漢語方言音庫(字庫)》P190-191		
C472	貪	贪	tham55	tʰaːm55	taam1	2002年楊煥典《現代漢語方言音庫(字庫)》P190-191		
C473	談	谈	tham21	tʰaːm21	taam4	2002年楊煥典《現代漢語方言音庫(字庫)》P190-191		
C474	潭	潭	tham21	tʰaːm21	taam4	2002年楊煥典《現代漢語方言音庫(字庫)》P190-191		
C475	南	南	nam21	naːm21	naam4	2002年楊煥典《現代漢語方言音庫(字庫)》P190-191		
C476	難	难	nan21	naːn21	naan4	2002年楊煥典《現代漢語方言音庫(字庫)》P192-193	～易	
C477	難	难	nan22	naːn22	naan6	2002年楊煥典《現代漢語方言音庫(字庫)》P192-193	遭～	
C478	藍	蓝	lam21	laːm21	laam4	2002年楊煥典《現代漢語方言音庫(字庫)》P192-193		
C479	暫	暂	tsam22	t͡ʃaːm22	zaam6	2002年楊煥典《現代漢語方言音庫(字庫)》P192-193		
C480	贊	赞	tsan33	t͡ʃaːn33	zaan3	2002年楊煥典《現代漢語方言音庫(字庫)》P192-193		
C481	餐	餐	tshan55	t͡ʃʰɐn55	can1	2002年楊煥典《現代漢語方言音庫(字庫)》P194-195		
C482	蠶	蚕	tshan21	t͡ʃʰɐn21	can4	2002年楊煥典《現代漢語方言音庫(字庫)》P194-195		
C483	慘	惨	tsham35	t͡ʃʰaːm35	caam2	2002年楊煥典《現代漢語方言音庫(字庫)》P194-195		
C484	沾	沾	tsim55	t͡ʃiːm55	zim1	2002年楊煥典《現代漢語方言音庫(字庫)》P194-195		
C485	斬	斩	tsɛm35	t͡ʃɛːm35	zem2	2002年楊煥典《現代漢語方言音庫(字庫)》P194-195		
C485	斬	斩	tsam35	t͡ʃaːm35	zaam2	2002年楊煥典《現代漢語方言音庫(字庫)》P194-195		
C486	展	展	tsin35	t͡ʃiːn35	zin2	2002年楊煥典《現代漢語方言音庫(字庫)》P196-197		
C487	衫	衫	sam55	ʃaːm55	saam1	2002年楊煥典《現代漢語方言音庫(字庫)》P196-197		
C488	山	山	san55	ʃaːn55	saan1	2002年楊煥典《現代漢語方言音庫(字庫)》P196-197		
C489	陝	陕	sim35	ʃiːm35	sim2	2002年楊煥典《現代漢語方言音庫(字庫)》P196-197		
C490	扇	扇	sin33	ʃiːn33	sin3	2002年楊煥典《現代漢語方言音庫(字庫)》P196-197	～子	
C491	然	然	jin21	jiːn21	jin4	2002年楊煥典《現代漢語方言音庫(字庫)》P198-199		
C492	乾	干	kɔn55	kɔːn55	gon1	2002年楊煥典《現代漢語方言音庫(字庫)》P198-199	～旱	
C493	敢	敢	kam35	kaːm35	gaam2	2002年楊煥典《現代漢語方言音庫(字庫)》P198-199		
C494	感	感	kam35	kaːm35	gaam2	2002年楊煥典《現代漢語方言音庫(字庫)》P198-199		
C495	看	看	hɔn55	hɔːn55	hon1	2002年楊煥典《現代漢語方言音庫(字庫)》P198-199	～守	
C496	看	看	hɔn33	hɔːn33	hon3	2002年楊煥典《現代漢語方言音庫(字庫)》P200-201	～見	
C497	含	含	hɐm21	hɐm21	ham4	2002年楊煥典《現代漢語方言音庫(字庫)》P200-201		
C498	漢	汉	hɔn33	hɔːn33	hon3	2002年楊煥典《現代漢語方言音庫(字庫)》P200-201		
C499	安	安	ɔn55	ɔːn55	on1	2002年楊煥典《現代漢語方言音庫(字庫)》P200-201		
C500	庵	庵	ɐm55	ɐm55	am1	2002年楊煥典《現代漢語方言音庫(字庫)》P200-201		
C501	邊	边	pin55	piːn55	bin1	2002年楊煥典《現代漢語方言音庫(字庫)》P202-203		
C502	貶	贬	pin35	piːn35	bin2	2002年楊煥典《現代漢語方言音庫(字庫)》P202-203		
C503	辨	辨	pin22	piːn22	bin6	2002年楊煥典《現代漢語方言音庫(字庫)》P202-203		
C504	片	片	phin33	pʰiːn33	pin3	2002年楊煥典《現代漢語方言音庫(字庫)》P202-203		
C505	棉	棉	min21	miːn21	min4	2002年楊煥典《現代漢語方言音庫(字庫)》P202-203		
C506	典	典	tim35	tiːm35	dim2	2002年楊煥典《現代漢語方言音庫(字庫)》P204-205		
C507	店	店	tim33	tiːm33	dim3	2002年楊煥典《現代漢語方言音庫(字庫)》P204-205		
C508	甜	甜	thim21	tʰiːm21	tim4	2002年楊煥典《現代漢語方言音庫(字庫)》P204-205		
C509	年	年	nin21	niːn21	nin4	2002年楊煥典《現代漢語方言音庫(字庫)》P204-205		
C510	念	念	nim22	niːm22	nim6	2002年楊煥典《現代漢語方言音庫(字庫)》P204-205		
C511	聯	联	lin21	liːn21	lin4	2002年楊煥典《現代漢語方言音庫(字庫)》P206-207		
C512	廉	廉	lim21	liːm21	lim4	2002年楊煥典《現代漢語方言音庫(字庫)》P206-207		
C513	戀	恋	lin22	liːn22	lin6	2002年楊煥典《現代漢語方言音庫(字庫)》P206-207		
C514	奸	奸	kan55	kaːn55	gaan1	2002年楊煥典《現代漢語方言音庫(字庫)》P206-207		
C515	監	监	kam55	kaːm55	gaam1	2002年楊煥典《現代漢語方言音庫(字庫)》P206-207		
C516	減	减	kam35	kaːm35	gaam2	2002年楊煥典《現代漢語方言音庫(字庫)》P208-209		
C517	剪	剪	tsin35	t͡ʃiːn35	zin2	2002年楊煥典《現代漢語方言音庫(字庫)》P208-209		
C518	件	件	kin22	kiːn22	gin6	2002年楊煥典《現代漢語方言音庫(字庫)》P208-209		
C519	健	健	kin22	kiːn22	gin6	2002年楊煥典《現代漢語方言音庫(字庫)》P208-209		
C520	千	千	tshin55	t͡ʃʰiːn55	cin1	2002年楊煥典《現代漢語方言音庫(字庫)》P208-209		
C521	謙	谦	him55	hiːm55	him1	2002年楊煥典《現代漢語方言音庫(字庫)》P210-211		
C522	前	前	tshin21	t͡ʃʰiːn21	cin4	2002年楊煥典《現代漢語方言音庫(字庫)》P210-211		
C523	錢	钱	tshin21	t͡ʃʰiːn21	cin4	2002年楊煥典《現代漢語方言音庫(字庫)》P210-211		
C524	咸	咸	ham21	haːm21	haam4	2002年楊煥典《現代漢語方言音庫(字庫)》P210-211		
C524	鹹	咸	ham21	haːm21	haam4	2002年楊煥典《現代漢語方言音庫(字庫)》P210-211		
C525	銜	衔	ham21	haːm21	haam4	2002年楊煥典《現代漢語方言音庫(字庫)》P210-211		
C526	嫌	嫌	jim21	jiːm21	jim4	2002年楊煥典《現代漢語方言音庫(字庫)》P212-213		
C527	閒	闲	hɛn21	hɛːn21	hen4	2002年楊煥典《現代漢語方言音庫(字庫)》P212-213		
C527	閑	闲	hɛn21	hɛːn21	hen4	2002年楊煥典《現代漢語方言音庫(字庫)》P212-213		
C528	賢	贤	jin21	jiːn21	jin4	2002年楊煥典《現代漢語方言音庫(字庫)》P212-213		
C529	險	险	him35	hiːm35	him2	2002年楊煥典《現代漢語方言音庫(字庫)》P212-213		
C530	陷	陷	ham22	haːm22	haam6	2002年楊煥典《現代漢語方言音庫(字庫)》P212-213		
C531	限	限	han22	haːn22	haan6	2002年楊煥典《現代漢語方言音庫(字庫)》P214-215		
C532	憲	宪	hin33	hiːn33	hin3	2002年楊煥典《現代漢語方言音庫(字庫)》P214-215		
C533	醃	腌	jim55	jiːm55	jim1	2002年楊煥典《現代漢語方言音庫(字庫)》P214-215		
C533	腌	腌	jim55	jiːm55	jim1	2002年楊煥典《現代漢語方言音庫(字庫)》P214-215		
C534	煙	烟	jin55	jiːn55	jin1	2002年楊煥典《現代漢語方言音庫(字庫)》P214-215		
C535	嚴	严	jim21	jiːm21	jim4	2002年楊煥典《現代漢語方言音庫(字庫)》P214-215		
C536	鹽	盐	jim21	jiːm21	jim4	2002年楊煥典《現代漢語方言音庫(字庫)》P216-217		
C537	言	言	jin21	jiːn21	jin4	2002年楊煥典《現代漢語方言音庫(字庫)》P216-217		
C538	眼	眼	ŋɛn24	ŋɛːn24	ngen5	2002年楊煥典《現代漢語方言音庫(字庫)》P216-217		
C539	演	演	jim35	jiːm35	jim2	2002年楊煥典《現代漢語方言音庫(字庫)》P216-217		
C540	厭	厌	jim33	jiːm33	jim3	2002年楊煥典《現代漢語方言音庫(字庫)》P216-217		
C541	硯	砚	jin22	jiːn22	jin6	2002年楊煥典《現代漢語方言音庫(字庫)》P218-219		
C542	驗	验	jim22	jiːm22	jim6	2002年楊煥典《現代漢語方言音庫(字庫)》P218-219		
C543	團	团	thyn21	tʰyːn21	tyun4	2002年楊煥典《現代漢語方言音庫(字庫)》P218-219		
C544	亂	乱	lyn22	lyːn22	lyun6	2002年楊煥典《現代漢語方言音庫(字庫)》P218-219		
C545	算	算	ɬyn33	ɬyːn33	slyun3	2002年楊煥典《現代漢語方言音庫(字庫)》P218-219		
C546	篆	篆	syn22	ʃyːn22	syun6	2002年楊煥典《現代漢語方言音庫(字庫)》P220-221		
C547	船	船	syn21	ʃyːn21	syun4	2002年楊煥典《現代漢語方言音庫(字庫)》P220-221		
C548	閂	闩	san55	ʃaːn55	saan1	2002年楊煥典《現代漢語方言音庫(字庫)》P220-221		
C549	軟	软	yn24	jyːn24	jyun5	2002年楊煥典《現代漢語方言音庫(字庫)》P220-221		
C550	官	官	kun55	kuːn55	gun1	2002年楊煥典《現代漢語方言音庫(字庫)》P220-221		
C551	慣	惯	kwɛn33	kʷɛːn33	gwen3	2002年楊煥典《現代漢語方言音庫(字庫)》P222-223		
C552	歡	欢	fun55	fuːn55	fun1	2002年楊煥典《現代漢語方言音庫(字庫)》P222-223		
C553	還	还	wan21	waːn21	waan4	2002年楊煥典《現代漢語方言音庫(字庫)》P222-223		
C554	環	环	wan21	waːn21	waan4	2002年楊煥典《現代漢語方言音庫(字庫)》P222-223		
C555	幻	幻	wan22	waːn22	waan6	2002年楊煥典《現代漢語方言音庫(字庫)》P222-223		
C556	換	换	wun22	wuːn22	wun6	2002年楊煥典《現代漢語方言音庫(字庫)》P224-225		
C557	彎	弯	wan55	waːn55	waan1	2002年楊煥典《現代漢語方言音庫(字庫)》P224-225		
C558	晚	晚	man24	maːn24	maan5	2002年楊煥典《現代漢語方言音庫(字庫)》P224-225		
C559	碗	碗	wun35	wuːn35	wun2	2002年楊煥典《現代漢語方言音庫(字庫)》P224-225		
C560	全	全	tshyn21	t͡ʃʰyːn21	cyun4	2002年楊煥典《現代漢語方言音庫(字庫)》P224-225		
C561	元	元	yn21	jyːn21	jyun4	2002年楊煥典《現代漢語方言音庫(字庫)》P226-227		
C562	園	园	yn21	jyːn21	jyun4	2002年楊煥典《現代漢語方言音庫(字庫)》P226-227		
C563	院	院	yn35	jyːn35	jyun2	2002年楊煥典《現代漢語方言音庫(字庫)》P226-227		
C564	本	本	pun35	puːn35	bun2	2002年楊煥典《現代漢語方言音庫(字庫)》P226-227		
C565	分	分	fɐn55	fɐn55	fan1	2002年楊煥典《現代漢語方言音庫(字庫)》P226-227		
C566	嫩	嫩	nyn22	nyːn22	nyun6	2002年楊煥典《現代漢語方言音庫(字庫)》P228-229		
C567	森	森	sɐm55	ʃɐm55	sam1	2002年楊煥典《現代漢語方言音庫(字庫)》P228-229		
C568	臻	臻	tsɐn55	t͡ʃɐn55	zan1	2002年楊煥典《現代漢語方言音庫(字庫)》P228-229		
C569	沉	沉	tshɐm21	t͡ʃʰɐm21	cam4	2002年楊煥典《現代漢語方言音庫(字庫)》P228-229		
C570	辰	辰	sɐn21	ʃɐn21	san4	2002年楊煥典《現代漢語方言音庫(字庫)》P228-229		
C571	陳	陈	tshɐn21	t͡ʃʰɐn21	can4	2002年楊煥典《現代漢語方言音庫(字庫)》P230-231		
C572	晨	晨	sɐn21	ʃɐn21	san4	2002年楊煥典《現代漢語方言音庫(字庫)》P230-231		
C573	襯	衬	tshɐn33	t͡ʃʰɐn33	can3	2002年楊煥典《現代漢語方言音庫(字庫)》P230-231		
C574	身	身	sɐn55	ʃɐn55	san1	2002年楊煥典《現代漢語方言音庫(字庫)》P230-231		
C575	神	神	sɐn21	ʃɐn21	san4	2002年楊煥典《現代漢語方言音庫(字庫)》P230-231		
C576	審	审	sɐm35	ʃɐm35	sam2	2002年楊煥典《現代漢語方言音庫(字庫)》P232-233		
C577	人	人	jɐn21	jɐn21	jan4	2002年楊煥典《現代漢語方言音庫(字庫)》P232-233		
C578	壬	壬	jɐm21	jɐm21	jam4	2002年楊煥典《現代漢語方言音庫(字庫)》P232-233		
C579	任	任	jɐm22	jɐm22	jam6	2002年楊煥典《現代漢語方言音庫(字庫)》P232-233	姓～	
C580	忍	忍	jɐn24	jɐn24	jan5	2002年楊煥典《現代漢語方言音庫(字庫)》P232-233		
C581	任	任	jɐm22	jɐm22	jam6	2002年楊煥典《現代漢語方言音庫(字庫)》P234-235	責～	
C582	跟	跟	kɐn55	kɐn55	gan1	2002年楊煥典《現代漢語方言音庫(字庫)》P234-235		
C583	肯	肯	hɐŋ35	hɐŋ35	hang2	2002年楊煥典《現代漢語方言音庫(字庫)》P234-235		
C584	恨	恨	hɐn22	hɐn22	han6	2002年楊煥典《現代漢語方言音庫(字庫)》P234-235		
C585	恩	恩	ɐn55	ɐn55	an1	2002年楊煥典《現代漢語方言音庫(字庫)》P234-235		
C586	貧	贫	phɐn21	pʰɐn21	pan4	2002年楊煥典《現代漢語方言音庫(字庫)》P236-237		
C587	敏	敏	mɐn24	mɐn24	man5	2002年楊煥典《現代漢語方言音庫(字庫)》P236-237		
C588	鄰	邻	lɐn21	lɐn21	lan4	2002年楊煥典《現代漢語方言音庫(字庫)》P236-237		
C589	林	林	lɐm21	lɐm21	lam4	2002年楊煥典《現代漢語方言音庫(字庫)》P236-237		
C590	巾	巾	kɐn55	kɐn55	gan1	2002年楊煥典《現代漢語方言音庫(字庫)》P236-237		
C591	斤	斤	kɐn55	kɐn55	gan1	2002年楊煥典《現代漢語方言音庫(字庫)》P238-239		
C592	金	金	kɐm55	kɐm55	gam1	2002年楊煥典《現代漢語方言音庫(字庫)》P238-239		
C593	近	近	khɐu24	kʰɐn24	kan5	2002年楊煥典《現代漢語方言音庫(字庫)》P238-239		
C593	近	近	kɐn22	kɐn22	gan6	2002年楊煥典《現代漢語方言音庫(字庫)》P238-239		
C594	心	心	ɬɐm55	ɬɐm55	slam1	2002年楊煥典《現代漢語方言音庫(字庫)》P238-239		
C595	欣	欣	jɐn55	jɐn55	jan1	2002年楊煥典《現代漢語方言音庫(字庫)》P238-239		
C596	新	新	ɬɐn55	ɬɐn55	slan1	2002年楊煥典《現代漢語方言音庫(字庫)》P240-241		
C597	因	因	jɐn55	jɐn55	jan1	2002年楊煥典《現代漢語方言音庫(字庫)》P240-241		
C598	音	音	jɐm55	jɐm55	jam1	2002年楊煥典《現代漢語方言音庫(字庫)》P240-241		
C599	銀	银	ŋɐn21	ŋɐn21	ngan4	2002年楊煥典《現代漢語方言音庫(字庫)》P240-241		
C600	隱	隐	jɐn35	jɐn35	jan2	2002年楊煥典《現代漢語方言音庫(字庫)》P240-241		
C601	頓	顿	tɐn22	tɐn22	dan6	2002年楊煥典《現代漢語方言音庫(字庫)》P242-243		
C602	吞	吞	thɐn55	tʰɐn55	tan1	2002年楊煥典《現代漢語方言音庫(字庫)》P242-243		
C603	遵	遵	tsyn55	t͡ʃyːn55	zyun1	2002年楊煥典《現代漢語方言音庫(字庫)》P242-243		
C604	存	存	tshyn21	t͡ʃʰyːn21	cyun4	2002年楊煥典《現代漢語方言音庫(字庫)》P242-243		
C605	孫	孙	ɬyn55	ɬyːn55	slyun1	2002年楊煥典《現代漢語方言音庫(字庫)》P242-243		
C606	筍	笋	ɬɐn35	ɬɐn35	slan2	2002年楊煥典《現代漢語方言音庫(字庫)》P244-245		
C606	筍	笋	ɬyn35	ɬyːn35	slyun2	2002年楊煥典《現代漢語方言音庫(字庫)》P244-245		
C607	春	春	tshɐn55	t͡ʃʰɐn55	can1	2002年楊煥典《現代漢語方言音庫(字庫)》P244-245		
C607	春	春	tshyn55	t͡ʃʰyːn55	cyun1	2002年楊煥典《現代漢語方言音庫(字庫)》P244-245		
C608	椿	椿	tshɐn55	t͡ʃʰɐn55	can1	2002年楊煥典《現代漢語方言音庫(字庫)》P244-245		
C609	純	纯	syn21	ʃyːn21	syun4	2002年楊煥典《現代漢語方言音庫(字庫)》P244-245		
C610	脣	唇	sɐn21	ʃɐn21	san4	2002年楊煥典《現代漢語方言音庫(字庫)》P244-245		
C611	順	顺	syn22	ʃyːn22	syun6	2002年楊煥典《現代漢語方言音庫(字庫)》P246-247		
C611	順	顺	sɐn22	ʃɐn22	san6	2002年楊煥典《現代漢語方言音庫(字庫)》P246-247		
C612	閏	闰	jyn22	jyːn22	jyun6	2002年楊煥典《現代漢語方言音庫(字庫)》P246-247		
C612	閏	闰	jɐn22	jɐn22	jan6	2002年楊煥典《現代漢語方言音庫(字庫)》P246-247		
C613	滾	滚	kwɐn35	kʷɐn35	gwan2	2002年楊煥典《現代漢語方言音庫(字庫)》P246-247		
C614	坤	坤	khwɐn55	kʷʰɐn55	kwan1	2002年楊煥典《現代漢語方言音庫(字庫)》P246-247		
C615	昏	昏	wɐn55	wɐn55	wan1	2002年楊煥典《現代漢語方言音庫(字庫)》P246-247		
C616	溫	温	wɐn55	wɐn55	wan1	2002年楊煥典《現代漢語方言音庫(字庫)》P248-249		
C617	文	文	mɐn21	mɐn21	man4	2002年楊煥典《現代漢語方言音庫(字庫)》P248-249		
C618	君	君	kwɐn55	kʷɐn55	gwan1	2002年楊煥典《現代漢語方言音庫(字庫)》P248-249		
C619	均	均	khwɐn55	kʷʰɐn55	kwan1	2002年楊煥典《現代漢語方言音庫(字庫)》P248-249		
C620	尋	寻	tshɐm21	t͡ʃʰɐm21	cam4	2002年楊煥典《現代漢語方言音庫(字庫)》P248-249		
C621	旬	旬	ɬɐn21	ɬɐn21	slan4	2002年楊煥典《現代漢語方言音庫(字庫)》P250-251		
C622	雲	云	wɐn21	wɐn21	wan4	2002年楊煥典《現代漢語方言音庫(字庫)》P250-251		
C623	允	允	wɐn35	wɐn35	wan2	2002年楊煥典《現代漢語方言音庫(字庫)》P250-251		
C624	邦	邦	pɔŋ55	pɔːŋ55	bong1	2002年楊煥典《現代漢語方言音庫(字庫)》P250-251		
C625	旁	旁	phɔŋ21	pʰɔːŋ21	pong4	2002年楊煥典《現代漢語方言音庫(字庫)》P250-251		
C626	芳	芳	fɔŋ55	fɔːŋ55	fong1	2002年楊煥典《現代漢語方言音庫(字庫)》P252-253		
C627	放	放	fɔŋ33	fɔːŋ33	fong3	2002年楊煥典《現代漢語方言音庫(字庫)》P252-253		
C628	當	当	tɔŋ55	tɔːŋ55	dong1	2002年楊煥典《現代漢語方言音庫(字庫)》P252-253		
C629	湯	汤	thɔŋ55	tʰɔːŋ55	tong1	2002年楊煥典《現代漢語方言音庫(字庫)》P252-253		
C630	糖	糖	thɔŋ21	tʰɔːŋ21	tong4	2002年楊煥典《現代漢語方言音庫(字庫)》P252-253		
C631	堂	堂	thɔŋ21	tʰɔːŋ21	tong4	2002年楊煥典《現代漢語方言音庫(字庫)》P254-255		
C632	桑	桑	ɬɔŋ55	ɬɔːŋ55	slong1	2002年楊煥典《現代漢語方言音庫(字庫)》P254-255		
C633	張	张	tsœŋ55	t͡ʃœːŋ55	zoeng1	2002年楊煥典《現代漢語方言音庫(字庫)》P254-255		
C634	長	长	tshœŋ21	t͡ʃʰœːŋ21	coeng4	2002年楊煥典《現代漢語方言音庫(字庫)》P254-255	～短	
C635	腸	肠	tshœŋ21	t͡ʃʰœːŋ21	coeng4	2002年楊煥典《現代漢語方言音庫(字庫)》P254-255		原文誤作[tshɔŋ21]
C636	常	常	tshœŋ21	t͡ʃʰœːŋ21	coeng4	2002年楊煥典《現代漢語方言音庫(字庫)》P256-257		
C637	唱	唱	tshœŋ33	t͡ʃʰœːŋ33	coeng3	2002年楊煥典《現代漢語方言音庫(字庫)》P256-257		
C638	讓	让	jœŋ22	jœːŋ22	joeng6	2002年楊煥典《現代漢語方言音庫(字庫)》P256-257		
C639	抗	抗	khɔŋ33	kʰɔːŋ33	kong3	2002年楊煥典《現代漢語方言音庫(字庫)》P256-257		
C640	行	行	hɔŋ21	hɔːŋ21	hong4	2002年楊煥典《現代漢語方言音庫(字庫)》P256-257		
C641	娘	娘	nœŋ21	nœːŋ21	noeng4	2002年楊煥典《現代漢語方言音庫(字庫)》P258-259		
C641	娘	娘	nɛŋ55	nɛːŋ55	neng1	2002年楊煥典《現代漢語方言音庫(字庫)》P258-259		
C641	孃	娘	nœŋ21	nœːŋ21	noeng4	2002年楊煥典《現代漢語方言音庫(字庫)》P258-259		
C641	孃	娘	nɛŋ55	nɛːŋ55	neng1	2002年楊煥典《現代漢語方言音庫(字庫)》P258-259		
C642	亮	亮	lœŋ22	lœːŋ22	loeng6	2002年楊煥典《現代漢語方言音庫(字庫)》P258-259		
C643	江	江	kɔŋ55	kɔːŋ55	gong1	2002年楊煥典《現代漢語方言音庫(字庫)》P258-259		
C644	講	讲	kɔŋ35	kɔːŋ35	gong2	2002年楊煥典《現代漢語方言音庫(字庫)》P258-259		
C645	香	香	hœŋ55	hœːŋ55	hoeng1	2002年楊煥典《現代漢語方言音庫(字庫)》P258-259		
C646	詳	详	tshœŋ21	t͡ʃʰœːŋ21	coeng4	2002年楊煥典《現代漢語方言音庫(字庫)》P260-261		
C647	祥	祥	tshœŋ21	t͡ʃʰœːŋ21	coeng4	2002年楊煥典《現代漢語方言音庫(字庫)》P260-261		
C648	巷	巷	hɔŋ35	hɔːŋ35	hong2	2002年楊煥典《現代漢語方言音庫(字庫)》P260-261		
C649	央	央	jœŋ55	jœːŋ55	joeng1	2002年楊煥典《現代漢語方言音庫(字庫)》P260-261		
C650	羊	羊	jœŋ21	jœːŋ21	joeng4	2002年楊煥典《現代漢語方言音庫(字庫)》P260-261		
C651	仰	仰	jœŋ24	jœːŋ24	joeng5	2002年楊煥典《現代漢語方言音庫(字庫)》P262-263		
C652	莊	庄	tsɔŋ55	t͡ʃɔːŋ55	zong1	2002年楊煥典《現代漢語方言音庫(字庫)》P262-263		
C653	樁	桩	tsɔŋ55	t͡ʃɔːŋ55	zong1	2002年楊煥典《現代漢語方言音庫(字庫)》P262-263		
C654	狀	状	tsɔŋ22	t͡ʃɔːŋ22	zong6	2002年楊煥典《現代漢語方言音庫(字庫)》P262-263		
C655	窗	窗	tshɔŋ55	t͡ʃʰɔːŋ55	cong1	2002年楊煥典《現代漢語方言音庫(字庫)》P262-263		
C656	牀	床	tshɔŋ21	t͡ʃʰɔːŋ21	cong4	2002年楊煥典《現代漢語方言音庫(字庫)》P264-265		
C657	雙	双	sœŋ55	ʃœːŋ55	soeng1	2002年楊煥典《現代漢語方言音庫(字庫)》P264-265		
C658	光	光	kɔŋ55	kɔːŋ55	gong1	2002年楊煥典《現代漢語方言音庫(字庫)》P264-265		
C659	筐	筐	hɔŋ55	hɔːŋ55	hong1	2002年楊煥典《現代漢語方言音庫(字庫)》P264-265		
C660	狂	狂	kɔŋ21	kʰɔːŋ21	kong4	2002年楊煥典《現代漢語方言音庫(字庫)》P264-265		
C661	黃	黄	wɔŋ21	wɔːŋ21	wong4	2002年楊煥典《現代漢語方言音庫(字庫)》P266-267		
C662	汪	汪	wɔŋ55	wɔːŋ55	wong1	2002年楊煥典《現代漢語方言音庫(字庫)》P266-267		
C663	往	往	wɔŋ24	wɔːŋ24	wong5	2002年楊煥典《現代漢語方言音庫(字庫)》P266-267	來～	
C664	枉	枉	wɔŋ35	wɔːŋ35	wong2	2002年楊煥典《現代漢語方言音庫(字庫)》P266-267		
C665	網	网	mɔŋ24	mɔːŋ24	mong5	2002年楊煥典《現代漢語方言音庫(字庫)》P266-267		
C666	忘	忘	mɔŋ21	mɔːŋ21	mong4	2002年楊煥典《現代漢語方言音庫(字庫)》P268-269		
C666	忘	忘	mɔŋ22	mɔːŋ22	mong6	2002年楊煥典《現代漢語方言音庫(字庫)》P268-269		
C667	崩	崩	pɐŋ55	pɐŋ55	bang1	2002年楊煥典《現代漢語方言音庫(字庫)》P268-269		
C668	朋	朋	phɐŋ21	pʰɐŋ21	pang4	2002年楊煥典《現代漢語方言音庫(字庫)》P268-269		
C669	彭	彭	phaŋ21	pʰaːŋ21	paang4	2002年楊煥典《現代漢語方言音庫(字庫)》P268-269		
C670	棚	棚	phaŋ21	pʰaːŋ21	paang4	2002年楊煥典《現代漢語方言音庫(字庫)》P268-269		
C671	孟	孟	mɐŋ22	mɐŋ22	mang6	2002年楊煥典《現代漢語方言音庫(字庫)》P270-271		
C672	夢	梦	mung22	mʊŋ22	mung6	2002年楊煥典《現代漢語方言音庫(字庫)》P270-271		
C673	風	风	fung55	fʊŋ55	fung1	2002年楊煥典《現代漢語方言音庫(字庫)》P270-271		
C674	封	封	fung55	fʊŋ55	fung1	2002年楊煥典《現代漢語方言音庫(字庫)》P270-271		
C675	等	等	tɐŋ35	tɐŋ35	dang2	2002年楊煥典《現代漢語方言音庫(字庫)》P270-271		
C676	鄧	邓	tɐŋ22	tɐŋ22	dang6	2002年楊煥典《現代漢語方言音庫(字庫)》P272-273		
C677	能	能	nɐŋ21	nɐŋ21	nang4	2002年楊煥典《現代漢語方言音庫(字庫)》P272-273		
C678	冷	冷	laŋ24	laːŋ24	laang5	2002年楊煥典《現代漢語方言音庫(字庫)》P272-273		
C679	增	增	tsɐŋ55	t͡ʃɐŋ55	zang1	2002年楊煥典《現代漢語方言音庫(字庫)》P272-273		
C680	爭	争	tsaŋ55	t͡ʃaːŋ55	zaang1	2002年楊煥典《現代漢語方言音庫(字庫)》P272-273		
C681	徵	徵	tseŋ55	t͡ʃeŋ55	zing1	2002年楊煥典《現代漢語方言音庫(字庫)》P274-275		
C682	鄭	郑	tseŋ22	t͡ʃeŋ22	zing6	2002年楊煥典《現代漢語方言音庫(字庫)》P274-275		
C683	政	政	tseŋ33	t͡ʃeŋ33	zing3	2002年楊煥典《現代漢語方言音庫(字庫)》P274-275		
C684	撐	撑	tshaŋ55	t͡ʃʰaːŋ55	caang1	2002年楊煥典《現代漢語方言音庫(字庫)》P274-275		
C685	成	成	seŋ21	ʃeŋ21	sing4	2002年楊煥典《現代漢語方言音庫(字庫)》P274-275		
C686	承	承	seŋ21	ʃeŋ21	sing4	2002年楊煥典《現代漢語方言音庫(字庫)》P276-277		
C687	乘	乘	seŋ21	ʃeŋ21	sing4	2002年楊煥典《現代漢語方言音庫(字庫)》P276-277		
C688	橙	橙	tshaŋ35	t͡ʃʰaːŋ35	caang2	2002年楊煥典《現代漢語方言音庫(字庫)》P276-277		
C689	生	生	saŋ55	ʃaːŋ55	saang1	2002年楊煥典《現代漢語方言音庫(字庫)》P276-277		
C690	繩	绳	seŋ21	ʃeŋ21	sing4	2002年楊煥典《現代漢語方言音庫(字庫)》P276-277		
C691	剩	剩	tseŋ22	t͡ʃeŋ22	zing6	2002年楊煥典《現代漢語方言音庫(字庫)》P278-279		
C692	更	更	kɐŋ55	kɐŋ55	gang1	2002年楊煥典《現代漢語方言音庫(字庫)》P278-279	～換	
C693	更	更	kɐŋ33	kɐŋ33	gang3	2002年楊煥典《現代漢語方言音庫(字庫)》P278-279	～加	
C694	耕	耕	kaŋ55	kaːŋ55	gaang1	2002年楊煥典《現代漢語方言音庫(字庫)》P278-279		
C695	坑	坑	haŋ55	haːŋ55	haang1	2002年楊煥典《現代漢語方言音庫(字庫)》P278-279		
C696	恆	恒	hɐŋ21	hɐŋ21	hang4	2002年楊煥典《現代漢語方言音庫(字庫)》P280-281		
C697	橫	横	waŋ21	waːŋ21	waang4	2002年楊煥典《現代漢語方言音庫(字庫)》P280-281	～豎	
C698	橫	横	waŋ21	waːŋ21	waang4	2002年楊煥典《現代漢語方言音庫(字庫)》P280-281	蠻～	
C699	冰	冰	peŋ55	peŋ55	bing1	2002年楊煥典《現代漢語方言音庫(字庫)》P280-281		
C700	兵	兵	peŋ55	peŋ55	bing1	2002年楊煥典《現代漢語方言音庫(字庫)》P280-281		
C701	平	平	pheŋ21	pʰeŋ21	ping4	2002年楊煥典《現代漢語方言音庫(字庫)》P282-283		
C702	瓶	瓶	pheŋ21	pʰeŋ21	ping4	2002年楊煥典《現代漢語方言音庫(字庫)》P282-283		
C703	名	名	mɛŋ21	mɛːŋ21	meng4	2002年楊煥典《現代漢語方言音庫(字庫)》P282-283		
C704	頂	顶	tɛŋ35	tɛːŋ35	deng2	2002年楊煥典《現代漢語方言音庫(字庫)》P282-283		
C705	寧	宁	neŋ21	neŋ21	ning4	2002年楊煥典《現代漢語方言音庫(字庫)》P282-283		
C706	凝	凝	neŋ21	neŋ21	ning4	2002年楊煥典《現代漢語方言音庫(字庫)》P284-285		
C707	陵	陵	leŋ21	leŋ21	ling4	2002年楊煥典《現代漢語方言音庫(字庫)》P284-285		
C708	令	令	leŋ22	leŋ22	ling6	2002年楊煥典《現代漢語方言音庫(字庫)》P284-285		
C709	京	京	keŋ55	keŋ55	ging1	2002年楊煥典《現代漢語方言音庫(字庫)》P284-285		
C710	經	经	keŋ55	keŋ55	ging1	2002年楊煥典《現代漢語方言音庫(字庫)》P284-285		
C711	輕	轻	hɛŋ55	hɛːŋ55	heng1	2002年楊煥典《現代漢語方言音庫(字庫)》P286-287		
C712	清	清	tshɛŋ55	t͡ʃʰɛːŋ55	ceng1	2002年楊煥典《現代漢語方言音庫(字庫)》P286-287		
C713	慶	庆	heng33	heŋ33	hing3	2002年楊煥典《現代漢語方言音庫(字庫)》P286-287		
C714	興	兴	heng55	heŋ55	hing1	2002年楊煥典《現代漢語方言音庫(字庫)》P286-287	～旺	
C715	興	兴	heng33	heŋ33	hing3	2002年楊煥典《現代漢語方言音庫(字庫)》P286-287	高～	
C716	星	星	ɬɛŋ55	ɬɛːŋ55	sleng1	2002年楊煥典《現代漢語方言音庫(字庫)》P288-289		
C716	星	星	ɬeŋ55	ɬeŋ55	sling1	2002年楊煥典《現代漢語方言音庫(字庫)》P288-289		
C717	形	形	jeŋ21	jeŋ21	jing4	2002年楊煥典《現代漢語方言音庫(字庫)》P288-289		
C718	杏	杏	hɐŋ22	hɐŋ22	hang6	2002年楊煥典《現代漢語方言音庫(字庫)》P288-289		
C719	幸	幸	hɐŋ22	hɐŋ22	hang6	2002年楊煥典《現代漢語方言音庫(字庫)》P288-289		
C720	應	应	jeŋ55	jeŋ55	jing1	2002年楊煥典《現代漢語方言音庫(字庫)》P288-289	～該	
C721	應	应	jeŋ33	jeŋ33	jing3	2002年楊煥典《現代漢語方言音庫(字庫)》P290-291	～對	
C722	英	英	jeŋ55	jeŋ55	jing1	2002年楊煥典《現代漢語方言音庫(字庫)》P290-291		
C723	鶯	莺	jeŋ55	jeŋ55	jing1	2002年楊煥典《現代漢語方言音庫(字庫)》P290-291		又讀[ɐŋ55]
C724	櫻	樱	jeŋ55	jeŋ55	jing1	2002年楊煥典《現代漢語方言音庫(字庫)》P290-291		
C725	盈	盈	jeŋ21	jeŋ21	jing4	2002年楊煥典《現代漢語方言音庫(字庫)》P290-291		
C726	營	营	jeŋ21	jeŋ21	jing4	2002年楊煥典《現代漢語方言音庫(字庫)》P292-293		
C727	硬	硬	ŋaŋ22	ŋaːŋ22	ngaang6	2002年楊煥典《現代漢語方言音庫(字庫)》P292-293		
C728	翁	翁	juŋ55	jʊŋ55	jung1	2002年楊煥典《現代漢語方言音庫(字庫)》P292-293		
C729	冬	冬	tuŋ55	tʊŋ55	dung1	2002年楊煥典《現代漢語方言音庫(字庫)》P292-293		
C730	洞	洞	tuŋ22	tʊŋ22	dung6	2002年楊煥典《現代漢語方言音庫(字庫)》P292-293		
C731	農	农	nuŋ21	nʊŋ21	nung4	2002年楊煥典《現代漢語方言音庫(字庫)》P294-295		
C732	龍	龙	luŋ21	lʊŋ21	lung4	2002年楊煥典《現代漢語方言音庫(字庫)》P294-295		
C733	籠	笼	luŋ21	lʊŋ21	lung4	2002年楊煥典《現代漢語方言音庫(字庫)》P294-295		
C734	隆	隆	luŋ21	lʊŋ21	lung4	2002年楊煥典《現代漢語方言音庫(字庫)》P294-295		
C735	糉	粽	tsuŋ33	t͡ʃʊŋ33	zung3	2002年楊煥典《現代漢語方言音庫(字庫)》P294-295		
C736	宗	宗	tsuŋ55	t͡ʃʊŋ55	zung1	2002年楊煥典《現代漢語方言音庫(字庫)》P296-297		
C737	鬆	鬆	ɬuŋ55	ɬʊŋ55	slung1	2002年楊煥典《現代漢語方言音庫(字庫)》P296-297		
C738	宋	宋	ɬuŋ33	ɬʊŋ33	slung3	2002年楊煥典《現代漢語方言音庫(字庫)》P296-297		
C739	誦	诵	tsuŋ22	t͡ʃʊŋ22	zung6	2002年楊煥典《現代漢語方言音庫(字庫)》P296-297		
C740	送	送	ɬuŋ33	ɬʊŋ33	slung3	2002年楊煥典《現代漢語方言音庫(字庫)》P296-297		
C741	中	中	tsuŋ55	t͡ʃʊŋ55	zung1	2002年楊煥典《現代漢語方言音庫(字庫)》P298-299		
C742	鍾	钟	tsuŋ55	t͡ʃʊŋ55	zung1	2002年楊煥典《現代漢語方言音庫(字庫)》P298-299		
C743	充	充	tshuŋ55	t͡ʃʰʊŋ55	cung1	2002年楊煥典《現代漢語方言音庫(字庫)》P298-299		
C744	絨	绒	juŋ21	jʊŋ21	jung4	2002年楊煥典《現代漢語方言音庫(字庫)》P298-299		
C745	茸	茸	juŋ21	jʊŋ21	jung4	2002年楊煥典《現代漢語方言音庫(字庫)》P298-299		
C746	榮	荣	juŋ21	jʊŋ21	jung4	2002年楊煥典《現代漢語方言音庫(字庫)》P300-301		
C747	融	融	juŋ21	jʊŋ21	jung4	2002年楊煥典《現代漢語方言音庫(字庫)》P300-301		
C748	弓	弓	kuŋ55	kʊŋ55	gung1	2002年楊煥典《現代漢語方言音庫(字庫)》P300-301		
C749	公	公	kuŋ55	kʊŋ55	gung1	2002年楊煥典《現代漢語方言音庫(字庫)》P300-301		
C750	宮	宫	kuŋ55	kʊŋ55	gung1	2002年楊煥典《現代漢語方言音庫(字庫)》P300-301		
C751	恭	恭	kuŋ55	kʊŋ55	gung1	2002年楊煥典《現代漢語方言音庫(字庫)》P302-303		
C752	共	共	kuŋ22	kʊŋ22	gung6	2002年楊煥典《現代漢語方言音庫(字庫)》P302-303		
C753	空	空	huŋ55	hʊŋ55	hung1	2002年楊煥典《現代漢語方言音庫(字庫)》P302-303		
C754	轟	轰	kwhɐŋ55	kʷʰɐŋ55	kwang1	2002年楊煥典《現代漢語方言音庫(字庫)》P302-303		
C755	弘	弘	huŋ21	hʊŋ21	hung4	2002年楊煥典《現代漢語方言音庫(字庫)》P302-303		
C756	紅	红	huŋ21	hʊŋ21	hung4	2002年楊煥典《現代漢語方言音庫(字庫)》P304-305		
C757	宏	宏	huŋ21	hʊŋ21	hung4	2002年楊煥典《現代漢語方言音庫(字庫)》P304-305		
C758	窮	穷	khuŋ21	kʰʊŋ21	kung4	2002年楊煥典《現代漢語方言音庫(字庫)》P304-305		
C759	瓊	琼	kheŋ21	kʰeŋ21	king4	2002年楊煥典《現代漢語方言音庫(字庫)》P304-305		
C760	兄	兄	heŋ55	heŋ55	hing1	2002年楊煥典《現代漢語方言音庫(字庫)》P304-305		
C761	胸	胸	huŋ55	hʊŋ55	hung1	2002年楊煥典《現代漢語方言音庫(字庫)》P306-307		
C762	永	永	weŋ24	weŋ24	wing5	2002年楊煥典《現代漢語方言音庫(字庫)》P306-307		
C763	勇	勇	juŋ24	jʊŋ24	jung5	2002年楊煥典《現代漢語方言音庫(字庫)》P306-307		
C764	用	用	juŋ22	jʊŋ22	jung6	2002年楊煥典《現代漢語方言音庫(字庫)》P306-307		
T1	打	打	ta35	taː35	daa2	2002年楊煥典《現代漢語方言音庫(字庫)》P309-310		
T2	大	大	tai22	taːi22	daai6	2002年楊煥典《現代漢語方言音庫(字庫)》P309-310	～小	
T3	踏	踏	tap2	taːp̚2	daap6	2002年楊煥典《現代漢語方言音庫(字庫)》P309-310		
T4	拉	拉	lai55	laːi55	laai1	2002年楊煥典《現代漢語方言音庫(字庫)》P309-310		
T5	甲	甲	kɛp3	kɛːp̚3	gep3	2002年楊煥典《現代漢語方言音庫(字庫)》P309-310	指～	
T6	假	假	kha33	kʰaː33	kaa3	2002年楊煥典《現代漢語方言音庫(字庫)》P311-312	放～	
T7	下	下	ha22	haː22	haa6	2002年楊煥典《現代漢語方言音庫(字庫)》P311-312	等一～子	
T8	特	特	tɐk2	tɐk̚2	dak6	2002年楊煥典《現代漢語方言音庫(字庫)》P311-312		
T9	擇	择	tsak2	t͡ʃaːk̚2	zaak6	2002年楊煥典《現代漢語方言音庫(字庫)》P311-312		
T10	澤	泽	tsak2	t͡ʃaːk̚2	zaak6	2002年楊煥典《現代漢語方言音庫(字庫)》P311-312		
T11	側	侧	tsɐk5	t͡ʃɐk̚5	zak1	2002年楊煥典《現代漢語方言音庫(字庫)》P313-314		
T12	鶴	鹤	hɔk2	hɔːk̚2	hok6	2002年楊煥典《現代漢語方言音庫(字庫)》P313-314		
T13	波	波	pɔ55	pɔː55	bo1	2002年楊煥典《現代漢語方言音庫(字庫)》P313-314		
T14	玻	玻	pɔ55	pɔː55	bo1	2002年楊煥典《現代漢語方言音庫(字庫)》P313-314		
T15	泊	泊	pɔk2	pɔːk̚2	bok6	2002年楊煥典《現代漢語方言音庫(字庫)》P313-314		
T16	勃	勃	put2	puːt̚2	but6	2002年楊煥典《現代漢語方言音庫(字庫)》P315-316		
T17	坡	坡	phɔ55	pʰɔː55	po1	2002年楊煥典《現代漢語方言音庫(字庫)》P315-316		
T18	迫	迫	pek5	pek̚5	bik1	2002年楊煥典《現代漢語方言音庫(字庫)》P315-316		
T19	做	做	tsu33	t͡ʃuː33	zu3	2002年楊煥典《現代漢語方言音庫(字庫)》P315-316		
T20	鍋	锅	kɔ55	kɔː55	go1	2002年楊煥典《現代漢語方言音庫(字庫)》P315-316		
T21	茄	茄	khɛ21	kʰɛː21	ke4	2002年楊煥典《現代漢語方言音庫(字庫)》P317-318		
T22	些	些	ɬɛ55	ɬɛː55	sle1	2002年楊煥典《現代漢語方言音庫(字庫)》P317-318		
T23	邪	邪	tshɛ21	t͡ʃʰɛː21	ce4	2002年楊煥典《現代漢語方言音庫(字庫)》P317-318		
T24	鞋	鞋	hai21	haːi21	haai4	2002年楊煥典《現代漢語方言音庫(字庫)》P317-318		
T25	寫	写	ɬɛ35	ɬɛː35	sle2	2002年楊煥典《現代漢語方言音庫(字庫)》P317-318		
T26	械	械	hai22	haːi22	haai6	2002年楊煥典《現代漢語方言音庫(字庫)》P319-320		
T27	覺	觉	kɛu33	kɛːu33	geu3	2002年楊煥典《現代漢語方言音庫(字庫)》P319-320	睡～	
T28	嚼	嚼	tsœk3	t͡ʃœːk̚3	zoek3	2002年楊煥典《現代漢語方言音庫(字庫)》P319-320		
T29	雀	雀	tshœk3	t͡ʃʰœːk̚3	coek3	2002年楊煥典《現代漢語方言音庫(字庫)》P319-320		
T30	賜	赐	tshɿ33	t͡sʰɿ33	cy3	2002年楊煥典《現代漢語方言音庫(字庫)》P319-320		
T31	伺	伺	tshɿ33	t͡sʰɿ33	cy3	2002年楊煥典《現代漢語方言音庫(字庫)》P321-322		
T32	值	值	tsek2	t͡ʃek̚2	zik6	2002年楊煥典《現代漢語方言音庫(字庫)》P321-322		
T33	植	植	tsek2	t͡ʃek̚2	zik6	2002年楊煥典《現代漢語方言音庫(字庫)》P321-322		
T34	殖	殖	tsek2	t͡ʃek̚2	zik6	2002年楊煥典《現代漢語方言音庫(字庫)》P321-322		
T35	隻	隻	tsɛk3	t͡ʃɛːk̚3	zek3	2002年楊煥典《現代漢語方言音庫(字庫)》P321-322	量詞	
T35	隻	隻	tsek3	t͡ʃek̚3	zik3	2002年楊煥典《現代漢語方言音庫(字庫)》P321-322	量詞	
T36	秩	秩	tit2	tiːt̚2	dit6	2002年楊煥典《現代漢語方言音庫(字庫)》P323-324		
T37	吃	吃	hɛk3	hɛːk̚3	hek3	2002年楊煥典《現代漢語方言音庫(字庫)》P323-324		
T37	吃	吃	hɐt5	hɐt̚5	hat1	2002年楊煥典《現代漢語方言音庫(字庫)》P323-324		
T38	翅	翅	tshi22	t͡ʃʰiː22	ci6	2002年楊煥典《現代漢語方言音庫(字庫)》P323-324		應讀[tshi33]
T39	始	始	tshi35	t͡ʃʰiː35	ci2	2002年楊煥典《現代漢語方言音庫(字庫)》P323-324		
T40	式	式	sek5	ʃek̚5	sik1	2002年楊煥典《現代漢語方言音庫(字庫)》P323-324		
T41	飾	饰	sek5	ʃek̚5	sik1	2002年楊煥典《現代漢語方言音庫(字庫)》P325-326		
T42	鼻	鼻	pi22	piː22	bi6	2002年楊煥典《現代漢語方言音庫(字庫)》P325-326		
T43	祕	秘	pi33	piː33	bi3	2002年楊煥典《現代漢語方言音庫(字庫)》P325-326	～書	
T44	堤	堤	thɐi21	tʰɐi21	tai4	2002年楊煥典《現代漢語方言音庫(字庫)》P325-326		
T45	隸	隶	tɐi22	tɐi22	dai6	2002年楊煥典《現代漢語方言音庫(字庫)》P325-326		
T46	楫	楫	tshɐp5	t͡ʃʰɐp̚5	cap1	2002年楊煥典《現代漢語方言音庫(字庫)》P327-328		應讀[tsip3]
T47	妓	妓	ki22	kiː22	gi6	2002年楊煥典《現代漢語方言音庫(字庫)》P327-328		
T48	技	技	ki22	kiː22	gi6	2002年楊煥典《現代漢語方言音庫(字庫)》P327-328		
T49	季	季	kwɐi33	kʷɐi33	gwai3	2002年楊煥典《現代漢語方言音庫(字庫)》P327-328		
T50	緝	缉	tshɐp5	t͡ʃʰɐp̚5	cap1	2002年楊煥典《現代漢語方言音庫(字庫)》P327-328		原文誤作[tshep5]
T51	溪	溪	khɐi55	kʰɐi55	kai1	2002年楊煥典《現代漢語方言音庫(字庫)》P329-330		
T52	卜	卜	phuk5	pʰʊk̚5	puk1	2002年楊煥典《現代漢語方言音庫(字庫)》P329-330		
T53	譜	谱	phu35	pʰuː35	pu2	2002年楊煥典《現代漢語方言音庫(字庫)》P329-330		
T54	瀑	瀑	puk2	pʊk̚2	buk6	2002年楊煥典《現代漢語方言音庫(字庫)》P329-330		原文誤作[pɔk2]
T55	腐	腐	fu22	fuː22	fu6	2002年楊煥典《現代漢語方言音庫(字庫)》P329-330		
T56	肚	肚	thu24	tʰuː24	tu5	2002年楊煥典《現代漢語方言音庫(字庫)》P331-332	炒魚～	
T57	肚	肚	thu24	tʰuː24	tu5	2002年楊煥典《現代漢語方言音庫(字庫)》P331-332	大～子	
T58	突	突	tɐt2	tɐt̚2	dat6	2002年楊煥典《現代漢語方言音庫(字庫)》P331-332		
T59	族	族	tsuk2	t͡ʃʊk̚2	zuk6	2002年楊煥典《現代漢語方言音庫(字庫)》P331-332		
T60	觸	触	tshuk5	t͡ʃʰʊk̚5	cuk1	2002年楊煥典《現代漢語方言音庫(字庫)》P331-332		
T61	殊	殊	sy21	ʃyː21	syu4	2002年楊煥典《現代漢語方言音庫(字庫)》P333-334		
T62	暑	暑	sy35	ʃyː35	syu2	2002年楊煥典《現代漢語方言音庫(字庫)》P333-334		
T63	鼠	鼠	sy35	ʃyː35	syu2	2002年楊煥典《現代漢語方言音庫(字庫)》P333-334		
T64	乎	乎	fu55	fuː55	fu1	2002年楊煥典《現代漢語方言音庫(字庫)》P333-334		
T64	乎	乎	wu21	wuː21	wu4	2002年楊煥典《現代漢語方言音庫(字庫)》P333-334		
T65	戊	戊	mu22	muː22	mu6	2002年楊煥典《現代漢語方言音庫(字庫)》P333-334		
T66	屢	屡	lui24	luːi24	lui5	2002年楊煥典《現代漢語方言音庫(字庫)》P335-336		
T67	履	履	ly24	lyː24	lyu5	2002年楊煥典《現代漢語方言音庫(字庫)》P335-336		
T68	拘	拘	khy55	kʰyː55	kyu1	2002年楊煥典《現代漢語方言音庫(字庫)》P335-336		
T69	屈	屈	wɐt5	wɐt̚5	wat1	2002年楊煥典《現代漢語方言音庫(字庫)》P335-336		
T70	娶	娶	tshy35	t͡ʃʰyː35	cyu2	2002年楊煥典《現代漢語方言音庫(字庫)》P335-336		
T71	去	去	hy33	hyː33	hyu3	2002年楊煥典《現代漢語方言音庫(字庫)》P337-338		
T72	婿	婿	ɬɐi33	ɬɐi33	slai3	2002年楊煥典《現代漢語方言音庫(字庫)》P337-338		
T73	魚	鱼	jy21	jyː21	jyu4	2002年楊煥典《現代漢語方言音庫(字庫)》P337-338		
T74	玉	玉	juk2	jʊk̚2	juk6	2002年楊煥典《現代漢語方言音庫(字庫)》P337-338		
T75	宅	宅	tsak2	t͡ʃaːk̚2	zaak6	2002年楊煥典《現代漢語方言音庫(字庫)》P337-338		
T76	概	概	khɔi33	kʰɔːi33	koi3	2002年楊煥典《現代漢語方言音庫(字庫)》P339-340		
T77	塊	块	fai33	faːi33	faai3	2002年楊煥典《現代漢語方言音庫(字庫)》P339-340		
T77	塊	块	wai33	waːi33	waai3	2002年楊煥典《現代漢語方言音庫(字庫)》P339-340		
T78	會	会	wui22	wuːi22	wui6	2002年楊煥典《現代漢語方言音庫(字庫)》P339-340	～計	
T79	歪	歪	wai55	waːi55	waai1	2002年楊煥典《現代漢語方言音庫(字庫)》P339-340		
T80	佩	佩	phui33	pʰuːi33	pui3	2002年楊煥典《現代漢語方言音庫(字庫)》P339-340		
T81	銳	锐	jui22	juːi22	jui6	2002年楊煥典《現代漢語方言音庫(字庫)》P341-342		
T82	瑞	瑞	sui22	ʃuːi22	sui6	2002年楊煥典《現代漢語方言音庫(字庫)》P341-342		
T83	惟	惟	wɐi21	wɐi21	wai4	2002年楊煥典《現代漢語方言音庫(字庫)》P341-342		
T84	維	维	wɐi21	wɐi21	wai4	2002年楊煥典《現代漢語方言音庫(字庫)》P341-342		
T85	跑	跑	phau35	pʰaːu35	paau2	2002年楊煥典《現代漢語方言音庫(字庫)》P341-342		
T85	跑	跑	phɛu35	pʰɛːu35	peu2	2002年楊煥典《現代漢語方言音庫(字庫)》P341-342		
T86	貓	猫	mau55	maːu55	maau1	2002年楊煥典《現代漢語方言音庫(字庫)》P343-344		
T86	貓	猫	mɛu55	mɛːu55	meu1	2002年楊煥典《現代漢語方言音庫(字庫)》P343-344		
T87	造	造	tsu22	t͡ʃuː22	zu6	2002年楊煥典《現代漢語方言音庫(字庫)》P343-344		
T88	搞	搞	kau35	kaːu35	gaau2	2002年楊煥典《現代漢語方言音庫(字庫)》P343-344		
T89	跳	跳	thiu33	tʰiːu33	tiu3	2002年楊煥典《現代漢語方言音庫(字庫)》P343-344		
T90	角	角	kɔk3	kɔːk̚3	gok3	2002年楊煥典《現代漢語方言音庫(字庫)》P343-344		
T91	攪	搅	kau35	kaːu35	gaau2	2002年楊煥典《現代漢語方言音庫(字庫)》P345-346		
T92	淆	淆	ŋau21	ŋaːu21	ngaau4	2002年楊煥典《現代漢語方言音庫(字庫)》P345-346		
T93	校	校	hau22	haːu22	haau6	2002年楊煥典《現代漢語方言音庫(字庫)》P345-346	學～	原文誤作[kau33]
T94	餚	肴	ŋau21	ŋaːu21	ngaau4	2002年楊煥典《現代漢語方言音庫(字庫)》P345-346		
T95	舀	舀	jiu24	jiːu24	jiu5	2002年楊煥典《現代漢語方言音庫(字庫)》P345-346		
T96	剖	剖	phɐu35	pʰɐu35	pau2	2002年楊煥典《現代漢語方言音庫(字庫)》P347-348		
T97	謀	谋	mɐu21	mɐu21	mau4	2002年楊煥典《現代漢語方言音庫(字庫)》P347-348		
T98	肉	肉	juk2	jʊk̚2	juk6	2002年楊煥典《現代漢語方言音庫(字庫)》P347-348		
T99	叛	叛	phun33	pʰuːn33	pun3	2002年楊煥典《現代漢語方言音庫(字庫)》P347-348		
T100	產	产	tshan35	t͡ʃʰaːn35	caan2	2002年楊煥典《現代漢語方言音庫(字庫)》P347-348		
T101	刪	删	san55	ʃaːn55	saan1	2002年楊煥典《現代漢語方言音庫(字庫)》P349-350		
T102	染	染	jim24	jiːm24	jim5	2002年楊煥典《現代漢語方言音庫(字庫)》P349-350		
T103	遍	遍	phin33	pʰiːn33	pin3	2002年楊煥典《現代漢語方言音庫(字庫)》P349-350		
T104	繭	茧	kan35	kaːn35	gaan2	2002年楊煥典《現代漢語方言音庫(字庫)》P349-350		
T105	鉛	铅	jyn21	jyːn21	jyun4	2002年楊煥典《現代漢語方言音庫(字庫)》P349-350		
T106	仙	仙	ɬin55	ɬiːn55	slin1	2002年楊煥典《現代漢語方言音庫(字庫)》P351-352		
T107	先	先	ɬin55	ɬiːn55	slin1	2002年楊煥典《現代漢語方言音庫(字庫)》P351-352		
T108	掀	掀	hyn55	hyːn55	hyun1	2002年楊煥典《現代漢語方言音庫(字庫)》P351-352		
T108	掀	掀	hin55	hiːn55	hin1	2002年楊煥典《現代漢語方言音庫(字庫)》P351-352		
T109	鮮	鲜	ɬin55	ɬiːn55	slin1	2002年楊煥典《現代漢語方言音庫(字庫)》P351-352		
T109	鮮	鲜	ɬin35	ɬiːn35	slin2	2002年楊煥典《現代漢語方言音庫(字庫)》P351-352		
T110	弦	弦	jin21	jiːn21	jin4	2002年楊煥典《現代漢語方言音庫(字庫)》P351-352		
T111	縣	县	jin22	jiːn22	jin6	2002年楊煥典《現代漢語方言音庫(字庫)》P353-354		
T111	縣	县	jyn22	jyːn22	jyun6	2002年楊煥典《現代漢語方言音庫(字庫)》P353-354		
T112	沿	沿	jyn21	jyːn21	jyun4	2002年楊煥典《現代漢語方言音庫(字庫)》P353-354		
T113	研	研	jin21	jiːn21	jin4	2002年楊煥典《現代漢語方言音庫(字庫)》P353-354		
T114	阮	阮	jyn24	jyːn24	jyun5	2002年楊煥典《現代漢語方言音庫(字庫)》P353-354		
T115	緩	缓	wun35	wuːn35	wun2	2002年楊煥典《現代漢語方言音庫(字庫)》P353-354		
T116	丸	丸	jyn21	jyːn21	jyun4	2002年楊煥典《現代漢語方言音庫(字庫)》P355-356		
T117	完	完	jyn21	jyːn21	jyun4	2002年楊煥典《現代漢語方言音庫(字庫)》P355-356		
T118	皖	皖	wun35	wuːn35	wun2	2002年楊煥典《現代漢語方言音庫(字庫)》P355-356		
T119	軒	轩	hyn55	hyːn55	hyun1	2002年楊煥典《現代漢語方言音庫(字庫)》P355-356		
T120	癬	癣	ɬyn35	ɬyːn35	slyun2	2002年楊煥典《現代漢語方言音庫(字庫)》P355-356		
T121	貞	贞	tseŋ55	t͡ʃeŋ55	zing1	2002年楊煥典《現代漢語方言音庫(字庫)》P357-358		
T122	偵	侦	tseŋ55	t͡ʃeŋ55	zing1	2002年楊煥典《現代漢語方言音庫(字庫)》P357-358		
T123	深	深	sɐm55	ʃɐm55	sam1	2002年楊煥典《現代漢語方言音庫(字庫)》P357-358		
T124	品	品	phɐn35	pʰɐn35	pan2	2002年楊煥典《現代漢語方言音庫(字庫)》P357-358		原文誤作[pɐn35]
T125	津	津	tsɐn55	t͡ʃɐn55	zan1	2002年楊煥典《現代漢語方言音庫(字庫)》P357-358		
T126	進	进	tsɐn33	t͡ʃɐn33	zan3	2002年楊煥典《現代漢語方言音庫(字庫)》P359-360		
T127	晉	晋	tsɐn33	t͡ʃɐn33	zan3	2002年楊煥典《現代漢語方言音庫(字庫)》P359-360		
T128	侵	侵	tshɐm55	t͡ʃʰɐm55	cam1	2002年楊煥典《現代漢語方言音庫(字庫)》P359-360		
T129	欽	钦	hɐm55	hɐm55	ham1	2002年楊煥典《現代漢語方言音庫(字庫)》P359-360		
T130	秦	秦	tshɐn21	t͡ʃʰɐn21	can4	2002年楊煥典《現代漢語方言音庫(字庫)》P359-360		
T131	信	信	ɬɐn33	ɬɐn33	slan3	2002年楊煥典《現代漢語方言音庫(字庫)》P361-362		
T132	尹	尹	wɐn35	wɐn35	wan2	2002年楊煥典《現代漢語方言音庫(字庫)》P361-362		
T133	蚊	蚊	mɐn55	mɐn55	man1	2002年楊煥典《現代漢語方言音庫(字庫)》P361-362		
T134	孕	孕	jyn22	jyːn22	jyun6	2002年楊煥典《現代漢語方言音庫(字庫)》P361-362		
T135	防	防	fɔŋ21	fɔːŋ21	fong4	2002年楊煥典《現代漢語方言音庫(字庫)》P361-362		
T136	項	项	hɔŋ22	hɔːŋ22	hong6	2002年楊煥典《現代漢語方言音庫(字庫)》P363-364		
T137	像	像	tsœŋ22	t͡ʃœːŋ22	zoeng6	2002年楊煥典《現代漢語方言音庫(字庫)》P363-364		
T138	撞	撞	tsɔŋ22	t͡ʃɔːŋ22	zong6	2002年楊煥典《現代漢語方言音庫(字庫)》P363-364		
T139	況	况	khɔŋ33	kʰɔːŋ33	kong3	2002年楊煥典《現代漢語方言音庫(字庫)》P363-364		
T140	盟	盟	mɐŋ21	mɐŋ21	mang4	2002年楊煥典《現代漢語方言音庫(字庫)》P363-364	同～	
T141	僧	僧	tsɐŋ55	t͡ʃɐŋ55	zang1	2002年楊煥典《現代漢語方言音庫(字庫)》P365-366		
T142	丁	丁	teŋ55	teŋ55	ding1	2002年楊煥典《現代漢語方言音庫(字庫)》P365-366	姓～	
T143	聽	听	thɛŋ55	tʰɛːŋ55	teng1	2002年楊煥典《現代漢語方言音庫(字庫)》P365-366	好～	原文誤作[theŋ33]
T144	統	统	thuŋ35	tʰʊŋ35	tung2	2002年楊煥典《現代漢語方言音庫(字庫)》P365-366		
T145	鬆	松	tshuŋ21	t͡ʃʰʊŋ21	cung4	2002年楊煥典《現代漢語方言音庫(字庫)》P365-366	～樹	
T146	雄	雄	huŋ21	hʊŋ21	hung4	2002年楊煥典《現代漢語方言音庫(字庫)》P367-368		
T147	熊	熊	juŋ21	jʊŋ21	jung4	2002年楊煥典《現代漢語方言音庫(字庫)》P367-368		
B12	澈	澈	tshit3	t͡ʃʰiːt̚3	cit3	2002年楊煥典《現代漢語方言音庫(字庫)》P369-370		
B21	輟	辍	tsyt3	t͡ʃyːt̚3	zyut3	2002年楊煥典《現代漢語方言音庫(字庫)》P369-370		原文誤作[tsy33]
B23	嗟	嗟	tsɛ55	t͡ʃɛː55	ze1	2002年楊煥典《現代漢語方言音庫(字庫)》P369-370		
B27	偕	偕	hai21	haːi21	haai4	2002年楊煥典《現代漢語方言音庫(字庫)》P369-370		
B28	攜	携	kwhɐi21	kʷʰɐi21	kwai4	2002年楊煥典《現代漢語方言音庫(字庫)》P369-370		
B44	蝕	蚀	sek2	ʃek̚2	sik6	2002年楊煥典《現代漢語方言音庫(字庫)》P371-372		
B49	鄙	鄙	phi35	pʰiː35	pi2	2002年楊煥典《現代漢語方言音庫(字庫)》P371-372		
B50	闢	辟	phek5	pʰek̚5	pik1	2002年楊煥典《現代漢語方言音庫(字庫)》P371-372	復～	
B51	闢	辟	phek5	pʰek̚5	pik1	2002年楊煥典《現代漢語方言音庫(字庫)》P371-372	開～	
B52	泌	泌	pi33	piː33	bi3	2002年楊煥典《現代漢語方言音庫(字庫)》P371-372	分～	
B60	棲	栖	tshɐi55	t͡ʃʰɐi55	cai1	2002年楊煥典《現代漢語方言音庫(字庫)》P373-374		
B62	迄	迄	hɐt5	hɐt̚5	hat1	2002年楊煥典《現代漢語方言音庫(字庫)》P373-374		原文誤作[het5]
B63	泣	泣	jɐp5	jɐp̚5	jap1	2002年楊煥典《現代漢語方言音庫(字庫)》P373-374		原文誤作[jep5]
B64	兮	兮	hɐi21	hɐi21	hai4	2002年楊煥典《現代漢語方言音庫(字庫)》P373-374		
B65	奚	奚	hɐi21	hɐi21	hai4	2002年楊煥典《現代漢語方言音庫(字庫)》P373-374		
B67	璽	玺	ɬɐi35	ɬɐi35	slai2	2002年楊煥典《現代漢語方言音庫(字庫)》P375-376		
B68	徙	徙	ɬɐi35	ɬɐi35	slai2	2002年楊煥典《現代漢語方言音庫(字庫)》P375-376		
B69	遺	遗	wɐi21	wɐi21	wai4	2002年楊煥典《現代漢語方言音庫(字庫)》P375-376		
B71	僕	仆	phuk2	pʰʊk̚2	puk6	2002年楊煥典《現代漢語方言音庫(字庫)》P375-376		
B74	曝	曝	puk2	pʊk̚2	buk6	2002年楊煥典《現代漢語方言音庫(字庫)》P375-376		原文誤作[pɔk2]
B102	悴	悴	tsui33	t͡ʃʰuːi33	cui3	2002年楊煥典《現代漢語方言音庫(字庫)》P377-378		
B103	粹	粹	tsui33	t͡ʃʰuːi33	cui3	2002年楊煥典《現代漢語方言音庫(字庫)》P377-378		
B104	遂	遂	ɬui22	ɬuːi22	slui6	2002年楊煥典《現代漢語方言音庫(字庫)》P377-378		
B107	彙	汇	wui22	wuːi22	wui6	2002年楊煥典《現代漢語方言音庫(字庫)》P377-378		
B108	彗	彗	wɐi22	wɐi22	wai6	2002年楊煥典《現代漢語方言音庫(字庫)》P377-378		
B176	迥	迥	kweŋ35	kʷeŋ35	gwing2	2002年楊煥典《現代漢語方言音庫(字庫)》P379-380		
B15	軋	轧	tsat3	t͡ʃaːt̚3	zaat3	2002年楊煥典《現代漢語方言音庫(字庫)》P379-380		
B26	傻	傻	ɬɔ21	ɬɔː21	slo4	2002年楊煥典《現代漢語方言音庫(字庫)》P379-380		
B27	蝦	蝦	ha21	haː21	haa4	2002年楊煥典《現代漢語方言音庫(字庫)》P379-380	～蟆	
B28	佳	佳	kai55	kaːi55	gaai1	2002年楊煥典《現代漢語方言音庫(字庫)》P379-380		
B34	匣	匣	hap22	haːp̚2	haap6	2002年楊煥典《現代漢語方言音庫(字庫)》P381-382		
B54	蛙	蛙	wa55	waː55	waa1	2002年楊煥典《現代漢語方言音庫(字庫)》P381-382		
B82	喝	喝	hɔt3	hɔːt̚3	hot3	2002年楊煥典《現代漢語方言音庫(字庫)》P381-382	～彩	
B85	赫	赫	hak3	haːk̚3	haak3	2002年楊煥典《現代漢語方言音庫(字庫)》P381-382		
B86	厄	厄	ŋɐk5	ŋɐk̚5	ngak1	2002年楊煥典《現代漢語方言音庫(字庫)》P381-382		
B87	扼	扼	ŋɐk5	ŋɐk̚5	ngak1	2002年楊煥典《現代漢語方言音庫(字庫)》P383-384		
B99	諾	诺	nɔk2	nɔːk̚2	nok6	2002年楊煥典《現代漢語方言音庫(字庫)》P383-384		
B108	拙	拙	tsyt2	t͡ʃyːt̚2	zyut6	2002年楊煥典《現代漢語方言音庫(字庫)》P383-384		應讀[tsyt3]
B115	綽	绰	tshœk3	t͡ʃʰœːk̚3	coek3	2002年楊煥典《現代漢語方言音庫(字庫)》P383-384		
B116	若	若	jœk2	jœːk̚2	joek6	2002年楊煥典《現代漢語方言音庫(字庫)》P383-384		
B127	沃	沃	juk5	jʊk̚5	juk1	2002年楊煥典《現代漢語方言音庫(字庫)》P385-386		
B136	臬	臬	nit2	niːt̚2	nit6	2002年楊煥典《現代漢語方言音庫(字庫)》P385-386		
B149	竭	竭	khit3	kʰiːt̚3	kit3	2002年楊煥典《現代漢語方言音庫(字庫)》P385-386		
B152	怯	怯	hip3	hiːp̚3	hip3	2002年楊煥典《現代漢語方言音庫(字庫)》P385-386		
B156	挾	挟	kap3	kaːp̚3	gaap3	2002年楊煥典《現代漢語方言音庫(字庫)》P385-386		
B158	諧	谐	hai21	haːi21	haai4	2002年楊煥典《現代漢語方言音庫(字庫)》P387-388		
B164	謁	谒	jit3	jiːt̚3	jit3	2002年楊煥典《現代漢語方言音庫(字庫)》P387-388		
B169	掘	掘	kwɐt2	kʷɐt̚2	gwat6	2002年楊煥典《現代漢語方言音庫(字庫)》P387-388		原文誤作[kwet2]
B180	閱	阅	jyt2	jyːt̚2	jyut6	2002年楊煥典《現代漢語方言音庫(字庫)》P387-388		
B187	俟	俟	sɿ22	sɿ22	sy6	2002年楊煥典《現代漢語方言音庫(字庫)》P387-388		
B193	擲	掷	tsek5	t͡ʃek̚5	zik1	2002年楊煥典《現代漢語方言音庫(字庫)》P389-390		
B213	而	而	ji21	jiː21	ji4	2002年楊煥典《現代漢語方言音庫(字庫)》P389-390		
B214	爾	尔	ji24	jiː24	ji5	2002年楊煥典《現代漢語方言音庫(字庫)》P389-390		
B220	敝	敝	pi22	piː22	bi6	2002年楊煥典《現代漢語方言音庫(字庫)》P389-390		
B223	臂	臂	pi33	piː33	bi3	2002年楊煥典《現代漢語方言音庫(字庫)》P389-390		
B233	匿	匿	nek5	nek̚5	nik1	2002年楊煥典《現代漢語方言音庫(字庫)》P391-392		
B234	溺	溺	nek2	nek̚2	nik6	2002年楊煥典《現代漢語方言音庫(字庫)》P391-392		
B251	戚	戚	tshek5	t͡ʃʰek̚5	cik1	2002年楊煥典《現代漢語方言音庫(字庫)》P391-392		
B253	乞	乞	hɐt5	hɐt̚5	hat1	2002年楊煥典《現代漢語方言音庫(字庫)》P391-392		
B264	系	系	hɐi22	hɐi22	hai6	2002年楊煥典《現代漢語方言音庫(字庫)》P391-392		
B267	夷	夷	ji21	jiː21	ji4	2002年楊煥典《現代漢語方言音庫(字庫)》P393-394		
B272	憶	忆	jek5	jek̚5	jik1	2002年楊煥典《現代漢語方言音庫(字庫)》P393-394		
B274	亦	亦	jek2	jek̚2	jik6	2002年楊煥典《現代漢語方言音庫(字庫)》P393-394		
B277	逸	逸	jɐt2	jɐt̚2	jat6	2002年楊煥典《現代漢語方言音庫(字庫)》P393-394		
B284	暮	暮	mu22	muː22	mu6	2002年楊煥典《現代漢語方言音庫(字庫)》P393-394		
B290	篤	笃	tuk5	tʊk̚5	duk1	2002年楊煥典《現代漢語方言音庫(字庫)》P395-396		
B327	斛	斛	huk2	hʊk̚2	huk6	2002年楊煥典《現代漢語方言音庫(字庫)》P395-396		
B336	縷	缕	ly24	lyː24	lyu5	2002年楊煥典《現代漢語方言音庫(字庫)》P395-396		
B350	旭	旭	juk5	jʊk̚5	juk1	2002年楊煥典《現代漢語方言音庫(字庫)》P395-396		
B352	恤	恤	ɬɐt5	ɬɐt̚5	slat1	2002年楊煥典《現代漢語方言音庫(字庫)》P395-396		
B353	畜	畜	tshuk5	t͡ʃʰʊk̚5	cuk1	2002年楊煥典《現代漢語方言音庫(字庫)》P397-398		
B356	羽	羽	jy24	jyː24	jyu5	2002年楊煥典《現代漢語方言音庫(字庫)》P397-398		
B358	鬱	郁	juk5	jʊk̚5	juk1	2002年楊煥典《現代漢語方言音庫(字庫)》P397-398		
B360	域	域	wek2	wek̚2	wik6	2002年楊煥典《現代漢語方言音庫(字庫)》P397-398		
B361	欲	欲	juk2	jʊk̚2	juk6	2002年楊煥典《現代漢語方言音庫(字庫)》P397-398		
B370	乃	乃	nai24	naːi24	naai5	2002年楊煥典《現代漢語方言音庫(字庫)》P399-400		
B432	綴	缀	tsui33	t͡ʃuːi33	zui3	2002年楊煥典《現代漢語方言音庫(字庫)》P399-400		
B436	稅	税	sui33	ʃuːi33	sui3	2002年楊煥典《現代漢語方言音庫(字庫)》P399-400		
B437	蕊	蕊	jui24	juːi24	jui5	2002年楊煥典《現代漢語方言音庫(字庫)》P399-400		
B449	桅	桅	ŋɐi21	ŋɐi21	ngai4	2002年楊煥典《現代漢語方言音庫(字庫)》P399-400		
B450	委	委	wai35	wɐi35	wai2	2002年楊煥典《現代漢語方言音庫(字庫)》P401-402		
B476	聊	聊	liu21	liːu21	liu4	2002年楊煥典《現代漢語方言音庫(字庫)》P401-402		
B477	燎	燎	liu21	liːu21	liu4	2002年楊煥典《現代漢語方言音庫(字庫)》P401-402	～原	
B478	燎	燎	liu21	liːu21	liu4	2002年楊煥典《現代漢語方言音庫(字庫)》P401-402	火～眉毛	
B484	蕭	萧	ɬiu55	ɬiːu55	sliu1	2002年楊煥典《現代漢語方言音庫(字庫)》P401-402		
B485	囂	嚣	hiu55	hiːu55	hiu1	2002年楊煥典《現代漢語方言音庫(字庫)》P403-404		
B489	堯	尧	jiu21	jiːu21	jiu4	2002年楊煥典《現代漢語方言音庫(字庫)》P403-404		
B493	否	否	fɐu35	fɐu35	fau2	2002年楊煥典《現代漢語方言音庫(字庫)》P403-404		
B498	奏	奏	tsɐu33	t͡ʃɐu33	zau3	2002年楊煥典《現代漢語方言音庫(字庫)》P403-404		
B512	歐	欧	ɐu55	ɐu55	au1	2002年楊煥典《現代漢語方言音庫(字庫)》P403-404		
B514	謬	谬	mɐu22	mɐu22	mau6	2002年楊煥典《現代漢語方言音庫(字庫)》P405-406		
B552	棧	栈	tsan22	t͡ʃaːn22	zaan6	2002年楊煥典《現代漢語方言音庫(字庫)》P405-406		
B553	站	站	tsam22	t͡ʃaːm22	zaam6	2002年楊煥典《現代漢語方言音庫(字庫)》P405-406	～立	
B554	綻	绽	tsan22	t͡ʃaːn22	zaan6	2002年楊煥典《現代漢語方言音庫(字庫)》P405-406		
B555	蟬	蝉	sim21	ʃiːm21	sim4	2002年楊煥典《現代漢語方言音庫(字庫)》P405-406		
B566	酣	酣	hɐm21	hɐm21	ham4	2002年楊煥典《現代漢語方言音庫(字庫)》P407-408		
B590	漸	渐	tsim22	t͡ʃiːm22	zim6	2002年楊煥典《現代漢語方言音庫(字庫)》P407-408		
B613	晏	晏	an33	aːn33	aan3	2002年楊煥典《現代漢語方言音庫(字庫)》P407-408		
B632	倦	倦	kyn22	kyːn22	gyun6	2002年楊煥典《現代漢語方言音庫(字庫)》P407-408		
B634	犬	犬	hyn35	hyːn35	hyun2	2002年楊煥典《現代漢語方言音庫(字庫)》P407-408		
B635	喧	喧	hyn55	hyːn55	hyun1	2002年楊煥典《現代漢語方言音庫(字庫)》P409-410		
B636	玄	玄	jyn21	jyːn21	jyun4	2002年楊煥典《現代漢語方言音庫(字庫)》P409-410		
B637	旋	旋	ɬyn21	ɬyːn21	slyun4	2002年楊煥典《現代漢語方言音庫(字庫)》P409-410		
B638	淵	渊	jyn55	jyːn55	jyun1	2002年楊煥典《現代漢語方言音庫(字庫)》P409-410		
B645	岑	岑	tshɐm21	t͡ʃʰɐm21	cam4	2002年楊煥典《現代漢語方言音庫(字庫)》P409-410		
B656	甚	甚	sɐm22	ʃɐm22	sam6	2002年楊煥典《現代漢語方言音庫(字庫)》P411-412		
B677	釁	衅	jɐn22	jɐn22	jan6	2002年楊煥典《現代漢語方言音庫(字庫)》P411-412		
B684	倫	伦	lɐn21	lɐn21	lan4	2002年楊煥典《現代漢語方言音庫(字庫)》P411-412		
B685	論	论	lɐn22	lɐn22	lan6	2002年楊煥典《現代漢語方言音庫(字庫)》P411-412		
B703	勳	勋	wɐn55	wɐn55	wan1	2002年楊煥典《現代漢語方言音庫(字庫)》P411-412		
B716	囊	囊	nɔŋ21	nɔːŋ21	nong4	2002年楊煥典《現代漢語方言音庫(字庫)》P413-414		
B726	昂	昂	ŋɔŋ21	ŋɔːŋ21	ngong4	2002年楊煥典《現代漢語方言音庫(字庫)》P413-414		
B745	匡	匡	hɔŋ55	hɔːŋ55	hong1	2002年楊煥典《現代漢語方言音庫(字庫)》P413-414		
B758	蓬	蓬	phuŋ21	pʰʊŋ21	pung4	2002年楊煥典《現代漢語方言音庫(字庫)》P413-414		
B759	萌	萌	mɐŋ21	mɐŋ21	mang4	2002年楊煥典《現代漢語方言音庫(字庫)》P413-414		原文誤作[meŋ21]
B764	奉	奉	fung22	fʊŋ22	fung6	2002年楊煥典《現代漢語方言音庫(字庫)》P415-416		
B782	仍	仍	jeŋ21	jeŋ21	jing4	2002年楊煥典《現代漢語方言音庫(字庫)》P415-416		
B787	亨	亨	hɐŋ55	hɐŋ55	hang1	2002年楊煥典《現代漢語方言音庫(字庫)》P415-416		
B793	稟	禀	pɐn35	pɐn35	ban2	2002年楊煥典《現代漢語方言音庫(字庫)》P415-416		
B805	傾	倾	kheŋ55	kʰeŋ55	king1	2002年楊煥典《現代漢語方言音庫(字庫)》P415-416		
B807	頃	顷	kheŋ35	kʰeŋ35	king2	2002年楊煥典《現代漢語方言音庫(字庫)》P417-418		
B821	螢	萤	jeŋ21	jeŋ21	jing4	2002年楊煥典《現代漢語方言音庫(字庫)》P417-418		
B833	嵩	嵩	ɬuŋ55	ɬʊŋ55	slung1	2002年楊煥典《現代漢語方言音庫(字庫)》P417-418		
B841	崇	崇	tshuŋ21	t͡ʃʰʊŋ21	cung4	2002年楊煥典《現代漢語方言音庫(字庫)》P417-418		
B842	寵	宠	tshuŋ35	t͡ʃʰʊŋ35	cung2	2002年楊煥典《現代漢語方言音庫(字庫)》P417-418		
B853	恐	恐	khuŋ35	kʰʊŋ35	kung2	2002年楊煥典《現代漢語方言音庫(字庫)》P419-420		
B862	雍	雍	juŋ55	jʊŋ55	jung1	2002年楊煥典《現代漢語方言音庫(字庫)》P419-420		
